ID,software_mention,package_url,homepage_url,github_repo,exact_match,doi,paragraph,authors_oa,authors,field/topic/keywords
SM113243,rmarkdown,"https://cran.r-project.org/package=rmarkdown,https://github.com/rstudio/rmarkdown,https://pkgs.rstudio.com/rmarkdown/",,,True,10.1371/journal.pone.0233309,"The simulations and power calculation were carried out using RStudio version 1.1.463 and the ggplot2, scales, knitr, rmarkdown and pwr packages [18–23].","https://openalex.org/A5082688752,https://openalex.org/A5065100362,https://openalex.org/A5025484351,https://openalex.org/A5030072310,https://openalex.org/A5111965967,https://openalex.org/A5070527102","Matthew J. Ward,Brendan H. Carter,Christine Walsh,Joshua Yukich,Dawn M. Wesson,Rebecca C. Christofferson","Zika virus,Aedes aegypti,Aedes albopictus,Virology,Chikungunya,Biology,Transmission (telecommunications),Aedes,Virus"
SM113243,rmarkdown,"https://cran.r-project.org/package=rmarkdown,https://github.com/rstudio/rmarkdown,https://pkgs.rstudio.com/rmarkdown/",,,True,10.1371/journal.pone.0243295,1.28; [75–77]) and rmarkdown (v,"https://openalex.org/A5049651734,https://openalex.org/A5078937480,https://openalex.org/A5061849618,https://openalex.org/A5041768359,https://openalex.org/A5015934308,https://openalex.org/A5068578273","Antonella Pedergnana,Ivan Calandra,Adrian Evans,Konstantin Bob,Andreas Hildebrandt,Andreu Ollé",
SM113243,rmarkdown,"https://cran.r-project.org/package=rmarkdown,https://github.com/rstudio/rmarkdown,https://pkgs.rstudio.com/rmarkdown/",,,True,10.1371/journal.pone.0212390,"There are also templates for optional style customization files, style.css and styles.docx, which rmarkdown can utilize to style rendered .html and .docx files, respectively [10]","https://openalex.org/A5065113165,https://openalex.org/A5041356352,https://openalex.org/A5060045309","Nikolas I. Krieger,Adam T. Perzynski,Jarrod E. Dalton","Workflow,Computer science,Protocol (science),Raw data"
SM113243,rmarkdown,"https://cran.r-project.org/package=rmarkdown,https://github.com/rstudio/rmarkdown,https://pkgs.rstudio.com/rmarkdown/",,,True,10.1038/s41598-019-42713-w,1.20 (refs) and rmarkdown v,"https://openalex.org/A5078937480,https://openalex.org/A5045238384,https://openalex.org/A5041768359,https://openalex.org/A5070102559,https://openalex.org/A5049651734,https://openalex.org/A5086068472,https://openalex.org/A5015934308,https://openalex.org/A5082339301","Ivan Calandra,Lisa Schunk,Konstantin Bob,Walter Gneisinger,Antonella Pedergnana,Eduardo Paixão,Andreas Hildebrandt,João Marreiros","Reproducibility,Standardization,Repeatability,Computer science,Numerical aperture,Magnification"
SM113243,rmarkdown,"https://cran.r-project.org/package=rmarkdown,https://github.com/rstudio/rmarkdown,https://pkgs.rstudio.com/rmarkdown/",,,True,10.12688/f1000research.22259.1,"This article and the analyses were performed with R ( R Core Team, 2019) using the rmarkdown ( Allaire ), and knitr ( Xie, 2019; Xie, 2015) packages.","https://openalex.org/A5102795329,https://openalex.org/A5075334756,https://openalex.org/A5049770701","Stuart Lee,Michael C. Lawrence,Michael I. Love",Biology
SM113243,rmarkdown,"https://cran.r-project.org/package=rmarkdown,https://github.com/rstudio/rmarkdown,https://pkgs.rstudio.com/rmarkdown/",,,True,10.7717/peerj.11757,"The data for all gene regions were analysed in R using the vegan package (R version 3.4.4; Oksanen et al., 2019) and rmarkdown (Xie, Allaire & Grolemund, 2018) to estimate the Sørensen index (Sørensen, 1948; based on presence-absence) and Euclidean distance (based on read abundance equalized per sample) to quantify the compositional dissimilarity among samples","https://openalex.org/A5064774611,https://openalex.org/A5049980454,https://openalex.org/A5038850739,https://openalex.org/A5043029559","Babett Günther,Jean‐Marc Fromentin,Luisa Métral,Sophie Arnaud‐Haond","Biology,Tuna,Predation,Thunnus,Sardinella,Sardine,Engraulis,Fishery"
SM113243,rmarkdown,"https://cran.r-project.org/package=rmarkdown,https://github.com/rstudio/rmarkdown,https://pkgs.rstudio.com/rmarkdown/",,,True,10.5334/joc.161,"All analyses used R version 3.6.2 (R Core Team, 2019) with the following add-on packages: tidyverse 1.3.0 (Wickham et al., 2019) for data wrangling and visualisation, ordinal 2019.12.10 (Christensen, 2019) for fitting cumulative link mixed models, emmeans 1.4.5 (Lenth, 2020) for follow-up analyses and equivalence tests, and rmarkdown 2.1 (Allaire et al., 2020) for compiling the analysis script","https://openalex.org/A5060754924,https://openalex.org/A5006468035,https://openalex.org/A5060385239","Emma Henderson,Daniel J. Simons,Dale J. Barr",Repetition (rhetorical device)
SM113243,rmarkdown,"https://cran.r-project.org/package=rmarkdown,https://github.com/rstudio/rmarkdown,https://pkgs.rstudio.com/rmarkdown/",,,True,10.1186/s40359-021-00534-5,All analyses were performed using the R language with packages ggplot2 and rmarkdown; using the SPSS software version 22;,"https://openalex.org/A5004051842,https://openalex.org/A5019784504,https://openalex.org/A5087394477,https://openalex.org/A5074024665,https://openalex.org/A5057926110","Alice de Queiroz Constantino Miguel,Patrícia Zen Tempski,Renata Kobayasi,Fernanda Brenneisen Mayer,Mílton A. Martins","Psychology,Psychological research,Quality (philosophy)"
SM113243,rmarkdown,"https://cran.r-project.org/package=rmarkdown,https://github.com/rstudio/rmarkdown,https://pkgs.rstudio.com/rmarkdown/",,,True,10.3389/fmolb.2021.635074,"The final, user-friendly HTML reports were produced using R markdown packages rmarkdown 2.6, knitr 1.30 and kableExtra 1.3.1.","https://openalex.org/A5028932132,https://openalex.org/A5056017872,https://openalex.org/A5006696193,https://openalex.org/A5073613092,https://openalex.org/A5108695217,https://openalex.org/A5020511593,https://openalex.org/A5089487905,https://openalex.org/A5065049632,https://openalex.org/A5032959797","Elena Díaz-Santiago,M. Gonzalo Claros,Raquel Yahyaoui,Yolanda de Diego‐Otero,Rocío Calvo,Janet Hoenicka,Francesc Palau,Juan A. G. Ranea,James R. Perkins","Phenotype,Gene,Computational biology"
SM113243,rmarkdown,"https://cran.r-project.org/package=rmarkdown,https://github.com/rstudio/rmarkdown,https://pkgs.rstudio.com/rmarkdown/",,,True,10.1038/s41398-021-01596-0,"All data analysis was performed in RStudio [17] using packages base, stats, exact2x2, tidyverse, rlang, ggsignif, ggrepel, pheatmap, UpSetR, cowplot, egg, and rmarkdown.","https://openalex.org/A5053200076,https://openalex.org/A5028782037,https://openalex.org/A5101644173,https://openalex.org/A5088018185,https://openalex.org/A5031084817,https://openalex.org/A5035417742,https://openalex.org/A5102947006,https://openalex.org/A5084408140,https://openalex.org/A5025439829,https://openalex.org/A5086788590","August Jernbom Falk,Cherrie Galletly,David Just,Catherine Toben,Bernhard T. Baune,Scott Clark,Dennis Liu,Peter Nilsson,Anna Månberg,Klaus Oliver Schubert","Schizophrenia (object-oriented programming),Autoantibody,Psychosis"
SM14764,lubridate,"https://cran.r-project.org/package=lubridate,https://lubridate.tidyverse.org/,https://github.com/tidyverse/lubridate",,,True,10.3390/s20247188,"Subsequent analyses were done in R (version 3.5.0) [35] and RStudio (version 1.1.463) [36], with several packages for data handling (tidyr, eeptools, reshape, dplyr, lubridate, phyloseq, VIM, margrittr, chron, kableExtra, knitr, and qwraps2) and plotting (corrplot, ggplot2, lattice, ggfortify, sjPlot, and cowplot) [37,38,39,40,41,42,43,44,45,46,47,48,49,50,51,52,53,54]","https://openalex.org/A5039857251,https://openalex.org/A5089840526,https://openalex.org/A5002950929,https://openalex.org/A5050247248","Sarah F. Schoch,Reto Huber,Malcolm Kohler,Salomé Kurth","Sleep (system call),Actigraphy"
SM14764,lubridate,"https://cran.r-project.org/package=lubridate,https://lubridate.tidyverse.org/,https://github.com/tidyverse/lubridate",,,True,10.3389/fneur.2021.651869,"The lubridate package in R was used to parse information on time, enabling analysis of weekday vs","https://openalex.org/A5035071406,https://openalex.org/A5017800652,https://openalex.org/A5033463577,https://openalex.org/A5048197848,https://openalex.org/A5002479154,https://openalex.org/A5038941168,https://openalex.org/A5110490026,https://openalex.org/A5064012382,https://openalex.org/A5055212275,https://openalex.org/A5054410446","Thanh G. Phan,Benjamin Clissold,Shaloo Singhal,John Ly,Andy Lim,Jason Vuong,Stella S.Y. Ho,Chelsea Matley,Talvika Kooblal,Henry Ma","Medicine,Antithrombotic,Stroke (engine),Thrombolysis,Dysphagia"
SM14764,lubridate,"https://cran.r-project.org/package=lubridate,https://lubridate.tidyverse.org/,https://github.com/tidyverse/lubridate",,,True,10.1007/s00228-020-03052-2,"R-studio (version 1.2.1335) with the packages dplyr, readr, lubridate, stringr, openxlsx, comorbidity, table 1, geepack, ggplot2, grid, and gridExtra was used for the data scripts, analysis, and visualization.","https://openalex.org/A5081125947,https://openalex.org/A5090205347,https://openalex.org/A5084321257,https://openalex.org/A5024225122,https://openalex.org/A5019829980,https://openalex.org/A5009297148,https://openalex.org/A5075388940","Birgit A. Damoiseaux‐Volman,Stephanie Medlock,Kimmy Raven,Danielle Sent,Johannes A. Romijn,Nathalie van der Velde,Ameen Abu‐Hanna",Medicine
SM14764,lubridate,"https://cran.r-project.org/package=lubridate,https://lubridate.tidyverse.org/,https://github.com/tidyverse/lubridate",,,True,10.3390/ijerph17093208,"The R packages tidyverse [37] and lubridate [38] were used for data management, and patchwork [39] was used for some plots","https://openalex.org/A5004627608,https://openalex.org/A5047325177,https://openalex.org/A5081449357,https://openalex.org/A5021008013,https://openalex.org/A5064303348,https://openalex.org/A5108244231,https://openalex.org/A5031555281,https://openalex.org/A5076667060","Jenni A. Shearston,A. Mychal Johnson,Arce Domingo‐Relloso,Marianthi‐Anna Kioumourtzoglou,Diana Hernández,James Ross,Steven N. Chillrud,Markus Hilpert","Truck,Noise pollution,Noise (video),Traffic noise,Environmental science,Traffic flow (computer networking)"
SM14764,lubridate,"https://cran.r-project.org/package=lubridate,https://lubridate.tidyverse.org/,https://github.com/tidyverse/lubridate",,,True,10.7554/eLife.70086,"We modified the wayback code using the downloader v.0.4 (Chang, 2015), httr v.1.4.2 Wickham, 2018, jsonlite v.1.7.0 (Ooms, 2014), lubridate v.1.7.9 (Grolemund and Wickham, 2011), and tibble v.3.0.3 packages (Müller and Wickham, 2019).","https://openalex.org/A5085793593,https://openalex.org/A5081600832,https://openalex.org/A5051356865","Alice C. Hughes,Benjamin Michael Marshall,Colin Thomas Strine","Wildlife trade,Threatened species,CITES,IUCN Red List,Endangered species,Wildlife,Biodiversity"
SM14764,lubridate,"https://cran.r-project.org/package=lubridate,https://lubridate.tidyverse.org/,https://github.com/tidyverse/lubridate",,,True,10.1371/journal.pone.0247002,"They have dependencies on the shiny, shinythemes, plotly, ggplot2, epicontacts, tibble, dplyr, shinycssloaders, lubridate, data.table, magrittr, igraph, DT, network, GGally, sna, intergraph and htmlwidgets packages [1, 3–19]","https://openalex.org/A5012223040,https://openalex.org/A5042372398,https://openalex.org/A5072217706,https://openalex.org/A5054803149,https://openalex.org/A5075563631,https://openalex.org/A5020383937","Katy A. M. Gaythorpe,Aaron Morris,Natsuko Imai,Miles Stewart,Jeffrey Freeman,Mary J. Choi","Ebola virus,Upload,Transmission (telecommunications),Outbreak,Computer science"
SM14764,lubridate,"https://cran.r-project.org/package=lubridate,https://lubridate.tidyverse.org/,https://github.com/tidyverse/lubridate",,,True,10.12688/gatesopenres.12929.1,"The following open source R packages were used to perform data evaluation from initially accessing data to producing the final manuscript: bookdown v0.9, DBI v1.0.0 , dbplyr v1.2.2, here v0.1, hms v0.4.2, lubridate v1.7.4, networkD3 v0.4, purrr v0.3.0, RMySQL v0.10.15, rstudioapi v0.8, snakecase v0.9.2, stringr v1.4.0, tidyverse v1.2.1 ( Allaire ; Allaire ; Grosser, 2018; Grolemund & Wickham, 2011; Henry & Wickham, 2019; Müller, 2017; Müller, 2018; Ooms ; R Special Interest Group on Databases (R-SIG-DB) ; W","https://openalex.org/A5083630833,https://openalex.org/A5110608105,https://openalex.org/A5018035806,https://openalex.org/A5071731407,https://openalex.org/A5081753561,https://openalex.org/A5057878284,https://openalex.org/A5044749365,https://openalex.org/A5067262201,https://openalex.org/A5089858678,https://openalex.org/A5046526213,https://openalex.org/A5082849554","Taylor Myers,Lars Schoebitz,Stuart Woolley,Jaime Sanchez Ferragut,James O. Thostenson,Kathy Jooss,Jeffery Piascik,August Frechette,Nico Hotz,Brian R. Stoner,J.B. Hallowell","Feces,Thermal treatment"
SM14764,lubridate,"https://cran.r-project.org/package=lubridate,https://lubridate.tidyverse.org/,https://github.com/tidyverse/lubridate",,,True,10.1038/s41598-021-87837-0,"""All the analyses described above were performed using R and its packages, including the following: """"tidyverse"""" (for data wrangling and visualization), """"igraph"""" (for network analysis), """"lubridate"""" (for handling date), """"ggraph"""" (for visualization), """"slam"""" (for data wrangling), and """"poweRlaw"""" (for analyzing power law distribution).""","https://openalex.org/A5034195703,https://openalex.org/A5103727445,https://openalex.org/A5080249220,https://openalex.org/A5049629743","Wonkwang Jo,Dukjin Chang,Myoungsoon You,Ghi-Hoon Ghim","Contact tracing,Coronavirus disease 2019 (COVID-19),Metropolitan area,Metric (unit),Social network analysis,Social network (sociolinguistics)"
SM14764,lubridate,"https://cran.r-project.org/package=lubridate,https://lubridate.tidyverse.org/,https://github.com/tidyverse/lubridate",,,True,10.1186/s12889-018-5897-4,"Several packages were loaded into R for use with the analyses, including “psych”, “effsize”, “lubridate”, “rms”, and “pscl”","https://openalex.org/A5055678222,https://openalex.org/A5069683401,https://openalex.org/A5034324265,https://openalex.org/A5001527053,https://openalex.org/A5084601864,https://openalex.org/A5003714102,https://openalex.org/A5003344292,https://openalex.org/A5040227390,https://openalex.org/A5014308901,https://openalex.org/A5071906071,https://openalex.org/A5014465129,https://openalex.org/A5036941317,https://openalex.org/A5047496642,https://openalex.org/A5078925863,https://openalex.org/A5091361758,https://openalex.org/A5064562845,https://openalex.org/A5004416039,https://openalex.org/A5020966952","Kevin Belanger,Joel D. Barnes,Patricia E. Longmuir,Kristal D. Anderson,Brenda Bruner,Jennifer L. Copeland,Melanie Gregg,Nathan Hall,Angela M. Kolen,Kirstin N. Lane,Barbi Law,Dany J. MacDonald,Luc J. Martin,Travis J. Saunders,Dwayne P. Sheehan,Michelle Stone,Sarah J. Woodruff,Mark S. Tremblay","Health literacy,Biostatistics,Medicine,Guideline,Competence (human resources)"
SM14764,lubridate,"https://cran.r-project.org/package=lubridate,https://lubridate.tidyverse.org/,https://github.com/tidyverse/lubridate",,,True,10.3389/fmicb.2020.594928,"All the statistical analysis and plots were generated in R (3.6.1) statistical programming language using ggplot2, dplyr, reshape2, lubridate, ggsci, and ggpubr package available from CRAN and Bioconductor repository.","https://openalex.org/A5071769965,https://openalex.org/A5013665481,https://openalex.org/A5009249279,https://openalex.org/A5052319987,https://openalex.org/A5113928762,https://openalex.org/A5087517288,https://openalex.org/A5066906775,https://openalex.org/A5082271020,https://openalex.org/A5015852362,https://openalex.org/A5101096190,https://openalex.org/A5063890167,https://openalex.org/A5045787586,https://openalex.org/A5027756362,https://openalex.org/A5030237230,https://openalex.org/A5063326019,https://openalex.org/A5047599182,https://openalex.org/A5022986073,https://openalex.org/A5041056705,https://openalex.org/A5067261840,https://openalex.org/A5047842148,https://openalex.org/A5073677610,https://openalex.org/A5040210852,https://openalex.org/A5048474876,https://openalex.org/A5044447189,https://openalex.org/A5043216339,https://openalex.org/A5022597901,https://openalex.org/A5088988391,https://openalex.org/A5108761243,https://openalex.org/A5106281945,https://openalex.org/A5025905898","Sunil K. Raghav,Arup Ghosh,Jyotirmayee Turuk,Sugandh Kumar,Atimukta Jha,Swati Madhulika,Manasi Priyadarshini,Viplov Kumar Biswas,P. Sushree Shyamli,Bharati Singh,Neha Singh,Deepika Singh,Ankita Datey,Kiran Avula,Shuchi Smita,Jyotsnamayee Sabat,Debdutta Bhattacharya,Jaya Singh Kshatri,Dileep Vasudevan,Amol Ratnakar Suryawanshi,Rupesh Dash,Shantibhusan Senapati,Tushar Kant Beuria,R Swain,Soma Chattopadhyay,Gulam Hussain Syed,Anshuman Dixit,Punit Prasad,Sanghamitra Pati,Ajay Parida","Biology,Infectivity,Clade,Virus,Virology,Coronavirus,Genome"
SM18573,knitr,"https://cran.r-project.org/package=knitr,https://github.com/yihui/knitr,https://yihui.org/knitr/",,,True,10.1080/17453674.2019.1624339,"5.1-3) for survival modelling, knitr (v","https://openalex.org/A5014127904,https://openalex.org/A5029048290,https://openalex.org/A5023352883,https://openalex.org/A5007909051,https://openalex.org/A5076423086,https://openalex.org/A5056300986","Jabbar Mohammed,Sebastian Mukka,Carl‐Johan Hedbeck,Ghazi Chammout,Max Gordon,Olof Sköldenberg","Medicine,Periprosthetic,Orthopedic surgery,Prospective cohort study,Surgery,Arthroplasty"
SM18573,knitr,"https://cran.r-project.org/package=knitr,https://github.com/yihui/knitr,https://yihui.org/knitr/",,,True,10.1037/xge0000739,The Method and Results sections of this article were generated from R code using the literate programming tool knitr,"https://openalex.org/A5089972486,https://openalex.org/A5070878261,https://openalex.org/A5025003387","Frank H. Hezemans,Noham Wolpe,James B. Rowe","Apathy,Psychology,PsycINFO,Prior probability,Context (archaeology),Action (physics),Cognitive psychology,Bayesian probability,Bayesian inference"
SM18573,knitr,"https://cran.r-project.org/package=knitr,https://github.com/yihui/knitr,https://yihui.org/knitr/",,,True,10.3390/jintelligence6030041,"All analyses were conducted in R [71] using RStudio [72] and the packages psych [73], lm.beta [74], knitr [75], apaTables [76], caret [77], tidyverse [78], and readr [79]","https://openalex.org/A5063129213,https://openalex.org/A5087723541","Matthias Ziegler,Aaron Peikert","Cognition,Perspective (graphical),Set (abstract data type),Psychology,Cognitive psychology,Predictive validity,German"
SM18573,knitr,"https://cran.r-project.org/package=knitr,https://github.com/yihui/knitr,https://yihui.org/knitr/",,,True,10.1186/s12859-016-1125-3,"At the end of the pipeline, a full report of all results could be produced using “literate programming” tools such as knitr [41] or sweave [42].","https://openalex.org/A5000032163,https://openalex.org/A5028202093,https://openalex.org/A5044337393","Nathan James Allen Cormier,Tyler Kolisnik,Mark Bieda","Computer science,Pipeline (software),Workflow,Pipeline transport,Turnkey,Software,Scripting language"
SM18573,knitr,"https://cran.r-project.org/package=knitr,https://github.com/yihui/knitr,https://yihui.org/knitr/",,,True,10.1136/bmjopen-2019-031251,"All analyses were performed using the R statistical language (R Foundation for Statistical Computing, Vienna, Austria, V.3.5.3 with packages knitr, Gmisc, ggplot2, tidyverse, intubate).","https://openalex.org/A5059386391,https://openalex.org/A5013029281,https://openalex.org/A5056428570,https://openalex.org/A5100717719,https://openalex.org/A5088178921,https://openalex.org/A5040307802","Robert Luben,Shabina Hayat,Anthony P. Khawaja,Nicholas J. Wareham,Paul D.P. Pharoah,Kay‐Tee Khaw","Medicine,EPIC,Epidemiology,Cohort"
SM18573,knitr,"https://cran.r-project.org/package=knitr,https://github.com/yihui/knitr,https://yihui.org/knitr/",,,True,10.1038/s41598-018-30701-5,"report generation: pacman v0.4.6, knitr v1.20, here v0.1.","https://openalex.org/A5009877155,https://openalex.org/A5087217781,https://openalex.org/A5061340339","Sebastian Schindler,Antonio Schettino,Gilles Pourtois","Reading (process),Word (group theory),Electrophysiology,Neural correlates of consciousness,Content (measure theory)"
SM18573,knitr,"https://cran.r-project.org/package=knitr,https://github.com/yihui/knitr,https://yihui.org/knitr/",,,True,10.1007/s00277-020-04362-2,"Survival times calculations were done using GraphPad Prism software (release 5.2; San Diego, CA, USA), IBM SPPS Statistics (release 24.0; Armonk, NY, USA), and the statistical software environment R (release 3.3.2; Vienna, Austria), together with the R packages ‘maxstat’ (release 0.7-25), ‘knitr’ (release 1.20), ‘survplot’ (release 0.0.7), ‘rms’ (release 5.1-2), ‘cmprsk’ (release 2.2–7), and ‘survival’ (release 2.42-6)","https://openalex.org/A5017597316,https://openalex.org/A5043634148,https://openalex.org/A5002261556,https://openalex.org/A5017420290,https://openalex.org/A5035150490,https://openalex.org/A5028388949,https://openalex.org/A5077620734,https://openalex.org/A5050767715,https://openalex.org/A5059935166,https://openalex.org/A5085146093,https://openalex.org/A5017514499","Patrick Derigs,Aleksandar Radujkovic,Maria‐Luisa Schubert,Paul Schnitzler,Tilman Schöning,Carsten Müller‐Tidow,Ute Hegenbart,Stefan Schönland,Thomas Luft,Peter Dreger,Michael Schmitt","Foscarnet,Medicine,Cohort,Internal medicine,Incidence (geometry),Clinical endpoint,Transplantation,Cytomegalovirus,Hematopoietic cell"
SM18573,knitr,"https://cran.r-project.org/package=knitr,https://github.com/yihui/knitr,https://yihui.org/knitr/",,,True,10.12688/f1000research.13049.2,"The framework outputs a file collection that includes a dynamically generated PDF report using R, knitr, and LaTeX, as well as publication-ready table and figure files","https://openalex.org/A5084889785,https://openalex.org/A5024314625,https://openalex.org/A5009826825,https://openalex.org/A5091525008,https://openalex.org/A5109542819,https://openalex.org/A5035580767,https://openalex.org/A5059160677","Travis L. Jensen,Michael Frasketi,Kevin P. Conway,Leigh Villarroel,Heather Hill,Konstantinos Krampis,Johannes B. Goll","Bioconductor,Computer science,Cloud computing,RNA-Seq"
SM18573,knitr,"https://cran.r-project.org/package=knitr,https://github.com/yihui/knitr,https://yihui.org/knitr/",,,True,10.1186/s12859-021-03970-7,"[32], zoo version 1.8-7 [33], sm version 2.2-5.6 [34], cowplot version 1.0.0 [35], ggplot2 version 3.2.1 [36], knitr version 1.27 [37], microbenchmark version 1.4-7 [38], and RcolorBrewer version 1.1-2 [39]","https://openalex.org/A5026183596,https://openalex.org/A5063476572","Lisa Amrhein,Christiane Fuchs","Profiling (computer programming),Maximum likelihood,R package,Expression (computer science)"
SM18573,knitr,"https://cran.r-project.org/package=knitr,https://github.com/yihui/knitr,https://yihui.org/knitr/",,,True,10.1038/s41598-020-76843-3,"For convenience of the workflow we further used RStudio 1.1.463 and the following R-packages: dplyr 0.8.0.1, forcats 0.3.0, ggplot2 3.1.0, purrr 0.3.1, readr 1.3.1, stringr 1.4.0, tibble 2.0.1, tidyr 0.8.3, skimr 1.0.5, rstudioapi 0.7, rmarkdown 1.10, knitr 1.20 and hues 0.1.","https://openalex.org/A5010454344,https://openalex.org/A5064203624,https://openalex.org/A5059790097,https://openalex.org/A5055615773,https://openalex.org/A5033303631,https://openalex.org/A5008668286","Ursula Nopp‐Mayr,Susanne Reimoser,Friedrich Reimoser,Frederik Sachser,Leopold Obermair,Georg Gratzer","Ungulate,Herbivore,Exclosure,Ecology,Biology,Ecosystem"
SM2003,dplyr,"https://cran.r-project.org/package=dplyr,https://dplyr.tidyverse.org/,https://github.com/tidyverse/dplyr",,,True,10.3389/fgene.2020.564301,"The DE matrix was input to ggplot (Wickham, 2006), ggrepel (Slowikowski, 2017), and dplyr (Wickham et al., 2017) to generate volcano plots to visualize DE patterns","https://openalex.org/A5063651045,https://openalex.org/A5062420667,https://openalex.org/A5085414618,https://openalex.org/A5039989622,https://openalex.org/A5071565453,https://openalex.org/A5049258088,https://openalex.org/A5102858560,https://openalex.org/A5015775261,https://openalex.org/A5002398450,https://openalex.org/A5001041177,https://openalex.org/A5016799928","Lachlan G. Gray,James D. Mills,Ashton Curry‐Hyde,Sasha Devore,Daniel Friedman,Maria Thom,Catherine Scott,Roland D. Thijs,Eleonora Aronica,Orrin Devinsky,Michael Janitz","microRNA,Circular RNA,Biology,Gene expression,Temporal lobe"
SM2003,dplyr,"https://cran.r-project.org/package=dplyr,https://dplyr.tidyverse.org/,https://github.com/tidyverse/dplyr",,,True,10.3389/fneur.2017.00178,"All statistical calculations were performed using Rstudio (Rstudio, Boston, MA, USA) applying standard packages and packages “dplyr,” “BlandAltmanLeh,” “Stats,” and “ICC.”","https://openalex.org/A5109323541,https://openalex.org/A5035803645,https://openalex.org/A5038430341,https://openalex.org/A5020343529,https://openalex.org/A5019029992","Aina S. Hansen,Jawad H. Butt,Sonja Holm‐Yildiz,William Kristian Karlsson,Christina Kruuse","Medicine,Stroke (engine),Internal medicine"
SM2003,dplyr,"https://cran.r-project.org/package=dplyr,https://dplyr.tidyverse.org/,https://github.com/tidyverse/dplyr",,,True,10.1002/ece3.3242,"All data analyses were performed in R using code written by GMM and the packages vegan (Oksanen et al., 2015), rioja (Juggins, 2015), ggplot2 (Wickham, Chang, & Wickham, 2013), dplyr (Wickham & Francois, 2016), maptools (Bivand & Lewin‐Koh, 2016), and rgdal (Bivand, Keitt, & Rowlingson, 2016).","https://openalex.org/A5073552741,https://openalex.org/A5080081811,https://openalex.org/A5081895169,https://openalex.org/A5053016345,https://openalex.org/A5035955843,https://openalex.org/A5047523221,https://openalex.org/A5052652930","Gabriel M. Moulatlet,Gabriela Zuquim,Fernando O. G. Figueiredo,Samuli Lehtonen,Thaíse Emilio,Kalle Ruokolainen,Hanna Tuomisto","Edaphic,Amazon rainforest,Cation-exchange capacity,Soil science"
SM2003,dplyr,"https://cran.r-project.org/package=dplyr,https://dplyr.tidyverse.org/,https://github.com/tidyverse/dplyr",,,True,10.1186/s40168-017-0387-y,"Descriptive statistics were performed using the dplyr [42], tidyr [43], and ggplot2 [44] packages of R [38].","https://openalex.org/A5013394238,https://openalex.org/A5035651551,https://openalex.org/A5060958743,https://openalex.org/A5013846620,https://openalex.org/A5038018165,https://openalex.org/A5111536633,https://openalex.org/A5033966018,https://openalex.org/A5078857122,https://openalex.org/A5102720419,https://openalex.org/A5019963750,https://openalex.org/A5024002499,https://openalex.org/A5114377169,https://openalex.org/A5017358738,https://openalex.org/A5045015403","Val F. Lanza,Fernando Baquero,José Luis Martínez,Ricardo Ramos,Bruno González‐Zorn,Antoine Andremont,Antonio Sánchez-Valenzuela,S. Dusko Ehrlich,Sean P. Kennedy,Étienne Ruppé,Willem van Schaik,Rob J. L. Willems,Fernando de la Cruz,Teresa M. Coque","Resistome,Metagenomics,Biology,Microbial ecology,Medical microbiology,Computational biology"
SM2003,dplyr,"https://cran.r-project.org/package=dplyr,https://dplyr.tidyverse.org/,https://github.com/tidyverse/dplyr",,,True,10.3390/pathogens9100841,"Data manipulation and analysis was done in R [44] using the packages dplyr [45], tidyverse [46] and forcats [47] for manipulation, epiR [48] for analysis and packages ggplot2 [49], rgdal [50], gridExtra [51], png [52], ggsn [53], maps [54] and maptools packages [55] for graphs and maps","https://openalex.org/A5061149213,https://openalex.org/A5101820260,https://openalex.org/A5066169187,https://openalex.org/A5061827081,https://openalex.org/A5102795846,https://openalex.org/A5009490214,https://openalex.org/A5036319260,https://openalex.org/A5089017342","Shahista Nisa,David A. Wilkinson,Olivia Angelin‐Bonnet,Shevaun Paine,K. Cullen,Jackie Wright,Michael G. Baker,Jackie Benschop","Serotype,Leptospirosis,Incidence (geometry),Epidemiology"
SM2003,dplyr,"https://cran.r-project.org/package=dplyr,https://dplyr.tidyverse.org/,https://github.com/tidyverse/dplyr",,,True,10.18632/aging.202739,"Data representation was performed with softwares R v3.6 and Rstudio v1.2.1335 using tidyverse, dplyr, ggplot2, ggpubr, complexheatmap and corrplot packages.","https://openalex.org/A5089939697,https://openalex.org/A5090572918,https://openalex.org/A5021545250,https://openalex.org/A5046957518,https://openalex.org/A5054338014,https://openalex.org/A5054491406,https://openalex.org/A5003267360,https://openalex.org/A5043301478,https://openalex.org/A5060113824,https://openalex.org/A5078054009,https://openalex.org/A5074612242,https://openalex.org/A5075296559","Claudia Grajeda‐Iglesias,Sylvère Durand,Romain Daillère,Kristina Iribarren,Fabien Lemaître,Lisa Derosa,Fanny Aprahamian,Noélie Bossut,Nitharsshini Nirmalathasan,Frank Madeo,Laurence Zitvogel,Guido Kroemer","Akkermansia muciniphila,Biology"
SM2003,dplyr,"https://cran.r-project.org/package=dplyr,https://dplyr.tidyverse.org/,https://github.com/tidyverse/dplyr",,,True,10.3390/molecules26123564,"The general handling of the imported data was using packages from the tidyverse set of packages [65], specifically the packages tidyr [66], dplyr [67], purrr [68], and tibble [69].","https://openalex.org/A5063343144,https://openalex.org/A5088415817,https://openalex.org/A5075992239,https://openalex.org/A5079885079,https://openalex.org/A5078217749,https://openalex.org/A5010070565,https://openalex.org/A5083391067,https://openalex.org/A5031234897,https://openalex.org/A5069923819","Malwina Michalak,Martin Simon Kalteis,Aysel Ahadova,Matthias Kloor,Mark Kriegsmann,Katharina Kriegsmann,Uwe Warnken,Dominic Helm,Jürgen Kopitz","Glycan,Glycosylation,Glycome,PNGase F,Endocytosis,Glycoprotein,Biology"
SM2003,dplyr,"https://cran.r-project.org/package=dplyr,https://dplyr.tidyverse.org/,https://github.com/tidyverse/dplyr",,,True,10.3390/ijerph18168514,"Statistical analysis was performed with R software (version 3.6.0, 2018, R Core Team, Vienna; Austria) within R Studio interface using rio, tidyverse, dplyr, questionr, ggplot2, and ggpubr packages.","https://openalex.org/A5112518638,https://openalex.org/A5014870335,https://openalex.org/A5090872175,https://openalex.org/A5016761340,https://openalex.org/A5113648857,https://openalex.org/A5088358267,https://openalex.org/A5057687245","María de la Calle,José Luis Bartha,Cristina M. López,Miriam Turiel Miranda,N. Arias Martínez,Silvia M. Arribas,David Ramiro‐Cortijo","Medicine,Obstetrics,Breastfeeding,Gestational diabetes,Pregnancy,Premature rupture of membranes,Advanced maternal age"
SM2003,dplyr,"https://cran.r-project.org/package=dplyr,https://dplyr.tidyverse.org/,https://github.com/tidyverse/dplyr",,,True,10.1038/s41597-020-00660-6,We used various C++  based R packages (dplyr and sf ) for data handling and geospatial analysis,"https://openalex.org/A5052708724,https://openalex.org/A5037921148,https://openalex.org/A5075752101","Sudarshana Mukhopadhyay,A. Sankarasubramanian,Chandramauli Awasthi","Geospatial analysis,Interdependence"
SM2003,dplyr,"https://cran.r-project.org/package=dplyr,https://dplyr.tidyverse.org/,https://github.com/tidyverse/dplyr",,,True,10.3389/fphys.2020.00862,"The analysis was performed using R version 3.5.3 and tidyr (0.8.3), dplyr (0.8.1) and igraph (1.2.4.1).","https://openalex.org/A5015950608,https://openalex.org/A5019876939,https://openalex.org/A5008971014,https://openalex.org/A5087163244,https://openalex.org/A5077915624,https://openalex.org/A5084054353,https://openalex.org/A5011858469","Barbara Niederdorfer,Vasundra Touré,Miguél Vázquez,Liv Thommesen,Martin Kuiper,Astrid Lægreid,Åsmund Flobak","In silico,Computer science"
SM26078,data.table,"https://cran.r-project.org/package=data.table,https://r-datatable.com/,https://rdatatable.gitlab.io/data.table,https://github.com/Rdatatable/data.table",,,True,10.1371/journal.pbio.3001296,"Other R packages used in the analyses and data visualisation were the following: data.table [52], dplyr [53], gridExtra [54], mapdata [55], mcmcplots [56], MCMCvis [57], plyr [58], RColorBrewer [59], rgdal [60], readxl [61], tidyverse [62], viridis [63], and writexl [64].","https://openalex.org/A5006772243,https://openalex.org/A5005264760,https://openalex.org/A5043859909,https://openalex.org/A5057140649,https://openalex.org/A5086793007,https://openalex.org/A5037695452,https://openalex.org/A5066459572,https://openalex.org/A5013883911,https://openalex.org/A5041100211,https://openalex.org/A5100337265,https://openalex.org/A5083622404,https://openalex.org/A5043397447,https://openalex.org/A5102971362,https://openalex.org/A5085430126,https://openalex.org/A5010996389,https://openalex.org/A5061753300,https://openalex.org/A5074080296,https://openalex.org/A5067409588,https://openalex.org/A5031674864,https://openalex.org/A5014789552,https://openalex.org/A5090262379,https://openalex.org/A5021473997,https://openalex.org/A5022710884,https://openalex.org/A5050252072,https://openalex.org/A5014416596,https://openalex.org/A5100376148,https://openalex.org/A5080960510,https://openalex.org/A5101818870,https://openalex.org/A5057417784,https://openalex.org/A5027523120,https://openalex.org/A5061621285,https://openalex.org/A5030503470,https://openalex.org/A5087034528,https://openalex.org/A5112352946,https://openalex.org/A5006432548,https://openalex.org/A5006235946,https://openalex.org/A5029586895,https://openalex.org/A5054458231,https://openalex.org/A5014878691,https://openalex.org/A5069097692,https://openalex.org/A5090197736,https://openalex.org/A5041170953,https://openalex.org/A5016333383,https://openalex.org/A5059144650,https://openalex.org/A5012861064,https://openalex.org/A5029978764,https://openalex.org/A5012824525,https://openalex.org/A5041949700,https://openalex.org/A5043029069,https://openalex.org/A5014233436,https://openalex.org/A5039504856,https://openalex.org/A5039835245,https://openalex.org/A5070457313,https://openalex.org/A5050186891,https://openalex.org/A5103352368,https://openalex.org/A5023219212,https://openalex.org/A5016919165,https://openalex.org/A5026034435,https://openalex.org/A5013686341,https://openalex.org/A5054681791,https://openalex.org/A5075469457,https://openalex.org/A5014183542,https://openalex.org/A5077493578","Tatsuya Amano,Violeta Berdejo‐Espinola,Alec P. Christie,Kate Willott,Munemitsu Akasaka,András Báldi,Anna Berthinussen,Sandro Bertolino,Andrew J. Bladon,Min Chen,Chang‐Yong Choi,Magda Bou Dagher Kharrat,Luis G. de Oliveira,Perla Farhat,Marina Golivets,Nataly Hidalgo Aranzamendi,Kerstin Jantke,Joanna Kajzer‐Bonk,M. Çisel Kemahlı Aytekin,Igor Khorozyan,Kensuke Kito,Ko Konno,Da‐Li Lin,Nick A. Littlewood,Yang Liu,Yifan Liu,Matthias‐Claudio Loretto,Valentina Marconi,Philip A. Martin,William H. Morgan,Juan Pablo Narváez-Gómez,Pablo José Negret,Elham Nourani,José Manuel Ochoa Quintero,Nancy Ockendon,Rachel Rui Ying Oh,Silviu O. Petrovan,Ana Cláudia Piovezan Borges,Ingrid L. Pollet,Danielle Leal Ramos,Ana L. Reboredo Segovia,A. Nayelli Rivera‐Villanueva,Ricardo Rocha,Marie‐Morgane Rouyer,Katherine A. Sainsbury,Richard Schuster,Dominik Schwab,Çağan H. Şekercioğlu,Hae-Min Seo,Gorm E. Shackelford,Yushin Shinoda,Rebecca K. Smith,Shan-dar Tao,Ming-shan Tsai,Elizabeth H. M. Tyler,Flóra Vajna,José O. Valdebenito,Svetlana Vozykova,Paweł Waryszak,Veronica Zamora‐Gutierrez,Rafael Dudeque Zenni,Wenjun Zhou,William J. Sutherland","Context (archaeology),English language,Biodiversity,Conservation science"
SM26078,data.table,"https://cran.r-project.org/package=data.table,https://r-datatable.com/,https://rdatatable.gitlab.io/data.table,https://github.com/Rdatatable/data.table",,,True,10.1371/journal.pone.0132783,"To facilitate effortless analysis and visualization of the amplicon data, we build the R package ampvis v.1.9.2 (https://github.com/MadsAlbertsen/ampvis) which builds on the R packages phyloseq [36], ggplot2 [37], reshape2 [38], dplyr [39], vegan [40], knitr [41], Biostrings [42], data.table [43], DESeq2 [44], ggdendro [45] and stringr [46].","https://openalex.org/A5049393683,https://openalex.org/A5090056152,https://openalex.org/A5010547558,https://openalex.org/A5068341127,https://openalex.org/A5059807847","Mads Albertsen,Søren Michael Karst,Anja Ziegler,Rasmus Hansen Kirkegaard,Per Halkjær Nielsen","Amplicon,Primer (cosmetics),DNA extraction,Biology,Metagenomics,16S ribosomal RNA,Amplicon sequencing"
SM26078,data.table,"https://cran.r-project.org/package=data.table,https://r-datatable.com/,https://rdatatable.gitlab.io/data.table,https://github.com/Rdatatable/data.table",,,True,10.1371/journal.pone.0239197,"In writing these scripts, we used the following packages: readr [76], dplyr [77], ggplot2 [78], tidyr [79], reshape2 [80], ggrepel [81], cowplot [82], data.table [83], UpSetR [84], BSgenome.Hsapiens.UCSC.hg38 [85, 86], and Rtsne [87].","https://openalex.org/A5047693355,https://openalex.org/A5075995542,https://openalex.org/A5083207109,https://openalex.org/A5045103619,https://openalex.org/A5049132398,https://openalex.org/A5055917945,https://openalex.org/A5083520394,https://openalex.org/A5005005415","Weston R. Bodily,Brian H. Shirts,Tom Walsh,Süleyman Gülsüner,Mary‐Claire King,Alyssa Parker,Moom R. Roosan,Stephen Piccolo","Germline mutation,Germline,Biology,Somatic cell,Genetics,Breast cancer,Mutation"
SM26078,data.table,"https://cran.r-project.org/package=data.table,https://r-datatable.com/,https://rdatatable.gitlab.io/data.table,https://github.com/Rdatatable/data.table",,,True,10.3390/microorganisms7110547,"Other R packages used for data management and visualization included BiocManager [61], biomformat [62], dplyr [63], data.table [64], extrafont [65], gdata [66], ggplot2 [67], plyr [68], prodlim [69] and vegan [70].","https://openalex.org/A5072843841,https://openalex.org/A5076380000,https://openalex.org/A5087973896,https://openalex.org/A5014801431,https://openalex.org/A5062792733","Christina Weißbecker,Anna Heintz‐Buschart,Helge Bruelheide,François Buscot,Tesfaye Wubet","Biology,Biodiversity,Species richness,Ecology,Ecosystem"
SM26078,data.table,"https://cran.r-project.org/package=data.table,https://r-datatable.com/,https://rdatatable.gitlab.io/data.table,https://github.com/Rdatatable/data.table",,,True,10.1186/s12911-019-0837-5,The ETL processes were built using R (version 3.4.4) and the data.table package (version 1.11.6) [21],"https://openalex.org/A5018773741,https://openalex.org/A5109225785,https://openalex.org/A5084973571,https://openalex.org/A5020347717","Mark D. Danese,Marc Halperin,Jennifer Duryea,Ryan Duryea","Computer science,Information retrieval,Data model (GIS),Data modeling,Data science,Health informatics,Table (database),Vocabulary"
SM26078,data.table,"https://cran.r-project.org/package=data.table,https://r-datatable.com/,https://rdatatable.gitlab.io/data.table,https://github.com/Rdatatable/data.table",,,True,10.1186/s12864-015-2140-x,"This package requires R > = 3.0.1 and depends on several R/Bioconductor packages including Rsamtools, GenomicRanges, data.table, stringr, rtracklayer, ggplot2, gridExtra, igraph and Gviz.","https://openalex.org/A5000188006,https://openalex.org/A5083253049,https://openalex.org/A5016125330,https://openalex.org/A5000181149,https://openalex.org/A5052661284","Nathan Harmston,Elizabeth Ing‐Simmons,Malcolm Perry,Anja Barešić,Boris Lenhard","Bioconductor,Biology,R package,Chromatin,Computational biology"
SM26078,data.table,"https://cran.r-project.org/package=data.table,https://r-datatable.com/,https://rdatatable.gitlab.io/data.table,https://github.com/Rdatatable/data.table",,,True,10.1186/s40575-021-00100-7,"Following internal validity checking and data cleaning in Excel (Microsoft Office Excel 2013, Microsoft Corp.), data were cleaned in Rstudio™ using the following packages: plyr, dplyr, data.table, tidyR, and stringr [81–84]","https://openalex.org/A5063686858,https://openalex.org/A5051656897,https://openalex.org/A5083592378,https://openalex.org/A5024864543,https://openalex.org/A5065216039,https://openalex.org/A5079177355,https://openalex.org/A5043787463,https://openalex.org/A5027035271","Grace L. Edmunds,Matthew J. Smalley,Sam Beck,Rachel J. Errington,Sara Gould,Helen Winter,Dave C. Brodbelt,Dan G. O’Neill","Osteosarcoma,Odds ratio,Medicine,Confidence interval,Confounding,Epidemiology"
SM26078,data.table,"https://cran.r-project.org/package=data.table,https://r-datatable.com/,https://rdatatable.gitlab.io/data.table,https://github.com/Rdatatable/data.table",,,True,10.1093/eurheartj/ehaa756,"All data management and analyses were performed using R version 4.0.0 using the data.table package version 1.12.8, the magrittr package version 1.5, and the lme4 package version 1.1-21","https://openalex.org/A5112643179,https://openalex.org/A5084656383","Karolina Wartolowska,Alastair J.S. Webb","Medicine,Blood pressure,Internal medicine,Hyperintensity,Cohort,Confidence interval,Regression dilution"
SM26078,data.table,"https://cran.r-project.org/package=data.table,https://r-datatable.com/,https://rdatatable.gitlab.io/data.table,https://github.com/Rdatatable/data.table",,,True,10.1186/s13071-020-04319-4,"Data analysis was done with the tidyverse and multiple helper functions within the following packages: data.table [21], magrittr [22], here [23], Hmisc [24], ggplot2 [25], gridExtra [26], ggpubr [27] and extrafont [28]","https://openalex.org/A5060834467,https://openalex.org/A5042841799,https://openalex.org/A5113657361,https://openalex.org/A5084619380,https://openalex.org/A5076279849,https://openalex.org/A5078226977","Sarah Sweet,Donald Szlosek,Donald J. McCrann,Michael J. Coyne,David Kincaid,Evan Hegarty","Feces,Parasite hosting,Veterinary medicine,Parasitology,CATS,Giardia"
SM26078,data.table,"https://cran.r-project.org/package=data.table,https://r-datatable.com/,https://rdatatable.gitlab.io/data.table,https://github.com/Rdatatable/data.table",,,True,10.1371/journal.pone.0246663,"The script is written in R programming language with the shiny [6], data.table [7], and ggplot2 [8] packages with customizations added in HTML, JavaScript and CSS languages","https://openalex.org/A5024185512,https://openalex.org/A5024611156,https://openalex.org/A5064478354","László Németh,Dmitri A. Jdanov,Vladimir M. Shkolnikov","Mortality rate,Pandemic,Term (time),Computer science"
SM29943,stringr,"https://cran.r-project.org/package=stringr,https://stringr.tidyverse.org/,https://github.com/tidyverse/stringr",,,True,10.3390/molecules25204747,This analysis used R-base packages and the specialized R packages bibliometrix [39] and stringr [40].,"https://openalex.org/A5040394245,https://openalex.org/A5077915645,https://openalex.org/A5030229118","Faris Yahya I. Asiri,Estie Kruger,Marc Tennant",Bibliometrics
SM29943,stringr,"https://cran.r-project.org/package=stringr,https://stringr.tidyverse.org/,https://github.com/tidyverse/stringr",,,True,10.1093/eurheartj/ehaa756,"In addition, stringr version 1.4.0 and fst 0.9.0 packages were used for data management","https://openalex.org/A5112643179,https://openalex.org/A5084656383","Karolina Wartolowska,Alastair J.S. Webb","Medicine,Blood pressure,Internal medicine,Hyperintensity,Cohort,Confidence interval,Regression dilution"
SM29943,stringr,"https://cran.r-project.org/package=stringr,https://stringr.tidyverse.org/,https://github.com/tidyverse/stringr",,,True,10.3390/antiox10060864,"Data visualization and statistical analysis were performed with Microsoft Excel and R [13] (v4.0.2, packages plyr, stringr, readxl, ggplot2, dendsort, pheatmap, cellWise, Metaboanalyst R) [14,15]","https://openalex.org/A5083734942,https://openalex.org/A5074022112,https://openalex.org/A5003935150,https://openalex.org/A5075972532,https://openalex.org/A5059803224,https://openalex.org/A5017919644,https://openalex.org/A5056642691","Tamara Tomin,Natalie Bordag,Elmar Zügner,Abdullah Al-Baghdadi,Maximilian Schinagl,Ruth Birner‐Gruenberger,Matthias Schittmayer","Glutathione,Chemistry,Plasma"
SM29943,stringr,"https://cran.r-project.org/package=stringr,https://stringr.tidyverse.org/,https://github.com/tidyverse/stringr",,,True,10.3389/fpls.2017.00623,"For data manipulation and visualization: tidyr (Wickham, 2016c), dplyr (Wickham and Francois, 2016), ggplot2 (Wickham, 2009), modelr (Wickham, 2016a) and stringr (Wickham, 2016b) [these and other helpful packages are part of the tidyverse (Wickham, 2016d)].",https://openalex.org/A5067077705,Niklas Schandry,"Ralstonia solanacearum,Visualization,Bacterial wilt,Statistical analysis,Disease,Computer science"
SM29943,stringr,"https://cran.r-project.org/package=stringr,https://stringr.tidyverse.org/,https://github.com/tidyverse/stringr",,,True,10.1038/s41598-017-09303-0,"0.1–20), and stringr (v","https://openalex.org/A5068341127,https://openalex.org/A5074447212,https://openalex.org/A5014961111,https://openalex.org/A5078904263,https://openalex.org/A5090056152,https://openalex.org/A5047368212,https://openalex.org/A5049393683,https://openalex.org/A5059807847","Rasmus Hansen Kirkegaard,Simon Jon McIlroy,Jannie Munk Kristensen,Marta Nierychlo,Søren Michael Karst,Morten Simonsen Dueholm,Mads Albertsen,Per Halkjær Nielsen","Microbial population biology,Amplicon sequencing,Anaerobic digestion,Biology"
SM29943,stringr,"https://cran.r-project.org/package=stringr,https://stringr.tidyverse.org/,https://github.com/tidyverse/stringr",,,True,10.3390/v12010107,"Data cleaning, stratification, analysis, and visualization was performed using R packages [33] (dplyr [34], ggplot2 [35], reshape2 [36], and stringr [37])","https://openalex.org/A5066457713,https://openalex.org/A5062827789,https://openalex.org/A5009528251,https://openalex.org/A5008677339","Kirsty Kwok,David F. Nieuwenhuijse,My V. T. Phan,Marion Koopmans","Human virome,Metagenomics,Livestock,Biology"
SM29943,stringr,"https://cran.r-project.org/package=stringr,https://stringr.tidyverse.org/,https://github.com/tidyverse/stringr",,,True,10.3389/fphar.2020.563751,"The main libraries and associated dependencies used were 1) readr, dplyr, tidyverse, stringr, and splitstackshape for data cleaning and analysis, 2) raster and sp for graphs, and 3) maptools, geosphere, GADMTools, and geoname for maps.","https://openalex.org/A5081455752,https://openalex.org/A5007067648,https://openalex.org/A5039978647,https://openalex.org/A5015371715,https://openalex.org/A5104029091,https://openalex.org/A5081056762,https://openalex.org/A5111499190,https://openalex.org/A5034997867,https://openalex.org/A5110287832,https://openalex.org/A5073411693","André Tibiri,Sébastien Boria,Tata Kadiatou Traoré,Noufou Ouédraogo,Aude Nikièma,Souleymane Ganaba,J. Compaoré,Issiaka Ouédraogo,Innocent Pierre Guissou,M Carraz","Medicinal plants,Traditional medicine,Medicine,Disease,Liver disease"
SM29943,stringr,"https://cran.r-project.org/package=stringr,https://stringr.tidyverse.org/,https://github.com/tidyverse/stringr",,,True,10.1128/mBio.01557-20,"AutoTax combines several software tools (GNU parallel v.20161222 [48], USEARCH v.11.0.667 [49], SINA v.1.6.0 [50], and R v.3.5.0 with the following packages: biostrings [51], doParallel [52], stringr [53], data.table [54], tidyr [55], and dplyr [56]) into a single BASH script that otherwise requires only a single FASTA file with the user-provided full-length 16S rRNA gene sequences and the FASTA-formatted SILVA_138_SSURef_NR99_tax_silva reference database as input","https://openalex.org/A5047368212,https://openalex.org/A5068179799,https://openalex.org/A5074447212,https://openalex.org/A5014961111,https://openalex.org/A5075757213,https://openalex.org/A5090056152,https://openalex.org/A5049393683,https://openalex.org/A5059807847","Morten Simonsen Dueholm,Kasper Skytte Andersen,Simon Jon McIlroy,Jannie Munk Kristensen,Erika Yashiro,Søren Michael Karst,Mads Albertsen,Per Halkjær Nielsen","Taxonomy (biology),Computer science,Database"
SM29943,stringr,"https://cran.r-project.org/package=stringr,https://stringr.tidyverse.org/,https://github.com/tidyverse/stringr",,,True,10.1093/bioinformatics/bty088,"It also depends on several R packages: Biostrings, dplyr, parallel, reardr, tibble, stringr and biomartr package (Drost and Paszkowski, 2017) for automated retrieval of proteomes","https://openalex.org/A5079119446,https://openalex.org/A5006994142,https://openalex.org/A5029784374","Anna Gogleva,Hajk‐Georg Drost,Sebastián Schornack","Computer science,Protein Sorting Signals,Workflow"
SM29943,stringr,"https://cran.r-project.org/package=stringr,https://stringr.tidyverse.org/,https://github.com/tidyverse/stringr",,,True,10.2196/27163,"The following statistical packages were used: (1) dplyr [36] and tidyr [37] for data preparation; (2) lubridate [38] and stringr [39] for handling time and date; and (3) ggplot2 [40], patchwork [41], and scales [42] for plotting.","https://openalex.org/A5080489040,https://openalex.org/A5043296433,https://openalex.org/A5043676958,https://openalex.org/A5022251636,https://openalex.org/A5070201115","Narayan Sharma,René Schwendimann,Olga Endrich,Dietmar Ausserhofer,Michael Simon",Medicine
SM30802,shiny,"https://cran.r-project.org/package=shiny,https://shiny.posit.co/,https://github.com/rstudio/shiny",,,True,10.1186/s12943-021-01405-8,The R shiny app was developed in R using the shiny (version 1.5.0) and visNetwork (version 2.0.9) packages.,"https://openalex.org/A5038560996,https://openalex.org/A5076416589,https://openalex.org/A5026879093,https://openalex.org/A5075116222,https://openalex.org/A5009602767,https://openalex.org/A5062595582","Salvatore Benfatto,Özdemirhan Serçin,Francesca R. Dejure,Amir Abdollahi,Frank T. Zenke,Balca R. Mardin","Synthetic lethality,Biology,CRISPR,Cancer,Computational biology,ALDH2,CDKN2A"
SM30802,shiny,"https://cran.r-project.org/package=shiny,https://shiny.posit.co/,https://github.com/rstudio/shiny",,,True,10.1038/s41598-020-76603-3,"To run the app, several freely available packages are required: shiny, ggplot2, magrittr, dplyr, ggrepel, shinycssloaders, DT, RCurl and readxl","https://openalex.org/A5085029333,https://openalex.org/A5002710740","Joachim Goedhart,Martijn S. Luijsterburg","Plot (graphics),Computer science"
SM30802,shiny,"https://cran.r-project.org/package=shiny,https://shiny.posit.co/,https://github.com/rstudio/shiny",,,True,10.1186/s12885-020-06756-x,"Interactive application was developed using R, a language and environment for statistical computing and the package “shiny” (R Foundation for Statistical Computing, Vienna, Austria).","https://openalex.org/A5036171363,https://openalex.org/A5109597623,https://openalex.org/A5086726605","Jordan A. Mandel,Raghunandan Avula,Edward V. Prochownik","Surgical oncology,Medicine"
SM30802,shiny,"https://cran.r-project.org/package=shiny,https://shiny.posit.co/,https://github.com/rstudio/shiny",,,True,10.1002/cam4.3350,"The “rms,” “survival,” “shiny,” “foreign,” “nricens,” and “time‐ROC” packages were used","https://openalex.org/A5033208352,https://openalex.org/A5030065149,https://openalex.org/A5102404492,https://openalex.org/A5113636394,https://openalex.org/A5100607215,https://openalex.org/A5045723123","Keying Che,Fangcen Liu,Nandie Wu,Qin Liu,Ling Yuan,Jia Wei","Nomogram,Medicine,Stage (stratigraphy),Univariate,Proportional hazards model,Perioperative,Oncology,Receiver operating characteristic,Internal medicine,Multivariate analysis"
SM30802,shiny,"https://cran.r-project.org/package=shiny,https://shiny.posit.co/,https://github.com/rstudio/shiny",,,True,10.3389/fnhum.2020.584236,"Additionally, we used the “shiny” and “DynNom” packages in R software to generate a web-based calculator (using training queues) to dynamically predict the WMD risk.","https://openalex.org/A5013912162,https://openalex.org/A5080635018,https://openalex.org/A5107944614,https://openalex.org/A5034268018,https://openalex.org/A5039304583,https://openalex.org/A5100429668,https://openalex.org/A5010182210,https://openalex.org/A5100758719,https://openalex.org/A5047573616","Wenjun Cao,Chenghan Luo,Mengyuan Lei,Min Shen,Wenqian Ding,Mengmeng Wang,Min Seob Song,Jian Ge,Qian Zhang","Nomogram,White matter"
SM30802,shiny,"https://cran.r-project.org/package=shiny,https://shiny.posit.co/,https://github.com/rstudio/shiny",,,True,10.1093/gigascience/gix119,"Other requirements: tested with R packages shiny (1.0.5), shinythemes (1.1.1), shinyBS (0.61), RCurl (1.95.4.8), XML (3.98.1.9), stringr (1.2.0), plyr (1.8.4)","https://openalex.org/A5015085832,https://openalex.org/A5041012119,https://openalex.org/A5031656887,https://openalex.org/A5015858296","Wen Yao,Guangwei Li,Yiming Yu,Yidan Ouyang","Gene,Functional genomics,Genome,Biology"
SM30802,shiny,"https://cran.r-project.org/package=shiny,https://shiny.posit.co/,https://github.com/rstudio/shiny",,,True,10.3389/fped.2020.623184,"Statistical analyses, graphs, design of the research and the online tool were performed in R software 3.6.122 with the following R packages: effsize (26), ggplot2 (27), ggsci (28), ggpubr (29), ComplexHeatmap (30), and shiny (31)","https://openalex.org/A5076954489,https://openalex.org/A5019184105,https://openalex.org/A5021313281,https://openalex.org/A5074828414,https://openalex.org/A5055797335","Gang Peng,Yishuo Tang,Tina M. Cowan,Hongyu Zhao,Curt Scharfe","Newborn screening,Medicine,Birth weight,Internal medicine"
SM30802,shiny,"https://cran.r-project.org/package=shiny,https://shiny.posit.co/,https://github.com/rstudio/shiny",,,True,10.1186/s13071-020-04114-1,"In order to map the specific diversity of the Obsoletus Group, the R software version 3.6.0 was used with the Leaflet version 2.0.2 and shiny packages version 1.4.0.","https://openalex.org/A5085659580,https://openalex.org/A5059884715,https://openalex.org/A5079579349,https://openalex.org/A5011317216,https://openalex.org/A5074142317,https://openalex.org/A5105008172,https://openalex.org/A5043999708,https://openalex.org/A5040939918,https://openalex.org/A5009693294,https://openalex.org/A5015971099,https://openalex.org/A5102843194,https://openalex.org/A5045887502,https://openalex.org/A5012613211,https://openalex.org/A5079601066,https://openalex.org/A5040802178,https://openalex.org/A5029092713,https://openalex.org/A5088554265,https://openalex.org/A5039126756,https://openalex.org/A5033878605,https://openalex.org/A5109867994,https://openalex.org/A5013317630,https://openalex.org/A5082202720,https://openalex.org/A5019797253,https://openalex.org/A5108781529,https://openalex.org/A5013306504,https://openalex.org/A5037426730,https://openalex.org/A5048940631,https://openalex.org/A5113934703,https://openalex.org/A5067720219,https://openalex.org/A5033931336,https://openalex.org/A5072170679,https://openalex.org/A5063282378,https://openalex.org/A5006283912,https://openalex.org/A5036424787,https://openalex.org/A5042787148,https://openalex.org/A5033323921,https://openalex.org/A5066825613,https://openalex.org/A5077478026,https://openalex.org/A5016386371,https://openalex.org/A5045977099,https://openalex.org/A5030332098,https://openalex.org/A5033089369,https://openalex.org/A5053947214,https://openalex.org/A5081633801,https://openalex.org/A5046543915,https://openalex.org/A5031256967,https://openalex.org/A5050267447,https://openalex.org/A5009277072","Antoine Mignotte,Claire Garros,Laëtitia Gardès,Thomas Balenghien,Maxime Duhayon,Ignace Rakotoarivony,Laura Tabourin,Léa Poujol,Bruno Mathieu,Adolfo Ibáñez‐Justicia,Ahmet Deniz,Aleksandar Cvetkovikj,Bethan V. Purse,David W. Ramilo,Despoina Stougiou,Doreen Werner,Dubravka Pudar,Dušan Petrić,Eva Veronesi,Frans Jacobs,Helge Kampen,Isabel Pereira da Fonseca,Javier Lucientes,J. Nelson Navarro,Josué Martínez‐de la Puente,Jovana Stefanovska,Kate R. Searle,Khalid Khallaayoune,C. Lorna Culverwell,Magdalena Larska,Maria Bourquia,Maria Goffredo,Marina Bisia,Marion England,Matthew Robin,Michela Quaglia,Miguel Ángel Miranda Chueca,René Bødker,Rosa Estrada-Peña,Simon Carpenter,Simona Tchakarova,Sofia Boutsini,Ståle Sviland,Stefanie Schäfer,Zanda Ozoliņa,Zanda Segliņa,Zati Vatansever,Karine Huber","Biology,Clade,Species complex,Zoology,Phylogenetic tree"
SM30802,shiny,"https://cran.r-project.org/package=shiny,https://shiny.posit.co/,https://github.com/rstudio/shiny",,,True,10.12688/f1000research.4680.2,"Our solution is shinyMethyl, an interactive visualization package for 450k arrays, based on the packages minfi and shiny ","https://openalex.org/A5067324384,https://openalex.org/A5027701541,https://openalex.org/A5053857063","Jean-Philippe Fortin,Elana J. Fertig,Kasper D. Hansen","Bioconductor,DNA methylation,Epigenome,Computational biology"
SM30802,shiny,"https://cran.r-project.org/package=shiny,https://shiny.posit.co/,https://github.com/rstudio/shiny",,,True,10.1002/ece3.5412,"(Currently, this server is http://shinyapps.io via a subscription service paid by me.) Alternatively, for users with R, shiny, and learnPopGen installed locally, it is also possible to control the same functions via a web browser (but not over the Internet) by simply downloading the source code of the web applications from their GitHub page (http://github.com/liamrevell/PopGen.apps), and then executing the application source within Rstudio (Rstudio Team, 2015) or by using the shiny function runApp",https://openalex.org/A5050952793,Liam J. Revell,"Computer science,Population,Animation,Graphics"
SM4,ggplot2,"https://cran.r-project.org/package=ggplot2,https://ggplot2.tidyverse.org/,https://github.com/tidyverse/ggplot2",,,True,10.1155/2020/8841859,"The R package used for this operation includes “clusterProfiler” [11], “org.Hs.eg.db,” “enrichplot,” “DOSE,” “ggplot2,” “stringi,” “colorspace,” “digest,” and “GOplot.”","https://openalex.org/A5102850502,https://openalex.org/A5101828677,https://openalex.org/A5090996232,https://openalex.org/A5102880607,https://openalex.org/A5101600543,https://openalex.org/A5100700670,https://openalex.org/A5100687185,https://openalex.org/A5101872942","Wenkai Han,Xiaoyan Xu,Kai Che,Guofeng Ma,Danxia Li,Mingxin Zhang,Wei Jiao,Haitao Niu","Renal cell carcinoma,Autophagy,Gene"
SM4,ggplot2,"https://cran.r-project.org/package=ggplot2,https://ggplot2.tidyverse.org/,https://github.com/tidyverse/ggplot2",,,True,10.1038/s41598-018-28116-3,aureus that produced or did not produce TSST-1) were compared in between-class analysis (BCA) with the ADE4 and ggplot2 packages for R,"https://openalex.org/A5088151369,https://openalex.org/A5014460542,https://openalex.org/A5057881405,https://openalex.org/A5016556704,https://openalex.org/A5040707588,https://openalex.org/A5087960987,https://openalex.org/A5050558460,https://openalex.org/A5112504101,https://openalex.org/A5024203320,https://openalex.org/A5039031691,https://openalex.org/A5002471860,https://openalex.org/A5048293248,https://openalex.org/A5052122129,https://openalex.org/A5095033706,https://openalex.org/A5087846319,https://openalex.org/A5045834199,https://openalex.org/A5074582326,https://openalex.org/A5024080403","Isaline Jacquemond,Anaëlle Muggeo,G. Lamblin,Anne Tristan,Yves Gillet,Pierre‐Adrien Bolze,Michèle Bes,Claude Alexandre Gustave,Jean‐Philippe Rasigade,François Golfier,Tristan Ferry,Audrey Dubost,Danis Abrouk,Barreto Samuel,Claire Prigent‐Combaret,Jean Thioulouse,Gérard Lina,Daniel Müller","Staphylococcus aureus,Microbiology,Biology,Microbiome,Toxic shock syndrome"
SM4,ggplot2,"https://cran.r-project.org/package=ggplot2,https://ggplot2.tidyverse.org/,https://github.com/tidyverse/ggplot2",,,True,10.1007/s00436-020-06666-8,"For all statistical analyses, we used the R statistical software (RCore 2015) with the packages ggplot2 (Wickham 2016), glmmTMB (Brooks et al","https://openalex.org/A5055108329,https://openalex.org/A5064611708,https://openalex.org/A5070342532,https://openalex.org/A5111922993,https://openalex.org/A5057808028,https://openalex.org/A5030474704,https://openalex.org/A5036973907,https://openalex.org/A5014687919","Jörn Gethmann,Bernd Hoffmann,Elisa Kasbohm,Jochen Süß,Birgit Habedank,Franz J. Conraths,Martin Beer,Christine Klaus","Ixodes ricinus,Biology,Dermacentor reticulatus,Tick,Abiotic component,Nymph,Ricinus,Ixodes,Ecology"
SM4,ggplot2,"https://cran.r-project.org/package=ggplot2,https://ggplot2.tidyverse.org/,https://github.com/tidyverse/ggplot2",,,True,10.7717/peerj.10237,"To estimate the microbial community coverage, OTU tables and rarefaction data files were analyzed using the entropart (v 1.5-3; Marcon, 2018), ggplot2 (v 3.0.0; Wickham, 2016) and vegan (v 2.5.2; Oksanen et al., 2018) packages of the R statistical software (R Core Team, 2017)","https://openalex.org/A5019759300,https://openalex.org/A5008135303,https://openalex.org/A5019220671","Benjamin D. Gallo,John M. Farrell,Brian F. Leydet","Biology,Gut flora,Microbiome,Firmicutes,Metagenomics,Freshwater fish"
SM4,ggplot2,"https://cran.r-project.org/package=ggplot2,https://ggplot2.tidyverse.org/,https://github.com/tidyverse/ggplot2",,,True,10.3389/fchem.2019.00311,The standard curve was plotted using the ggplot2 library in CRAN-R,"https://openalex.org/A5064624830,https://openalex.org/A5082975935,https://openalex.org/A5065208354,https://openalex.org/A5003210434","Cameron Yamanishi,C. Ryan Oliver,Taisuke Kojima,Shuichi Takayama","Microscale chemistry,Microscopy,Particle (ecology),Microscope,Video microscopy,Aqueous solution"
SM4,ggplot2,"https://cran.r-project.org/package=ggplot2,https://ggplot2.tidyverse.org/,https://github.com/tidyverse/ggplot2",,,True,10.1186/s13068-021-01948-4,Enriched categories were plotted using ggplot2 [47],"https://openalex.org/A5015249812,https://openalex.org/A5025690246,https://openalex.org/A5020831397,https://openalex.org/A5043509754,https://openalex.org/A5068209508,https://openalex.org/A5004881811,https://openalex.org/A5044882508","José J. De Vega,Ned Peel,Sarah Purdy,Sarah Hawkins,Iain Donnison,Sarah Dyer,Kerrie Farrar","Miscanthus,Biology,Sucrose,Starch,Biomass (ecology)"
SM4,ggplot2,"https://cran.r-project.org/package=ggplot2,https://ggplot2.tidyverse.org/,https://github.com/tidyverse/ggplot2",,,True,10.1245/s10434-020-09200-3,"Data analysis was performed using R Foundation Statistical software (R 3.2.2) with TableOne, ggplot2, Hmisc, Matchit and survival packages (The R Foundation for Statistical Computing, Vienna, Austria), as previously reported.","https://openalex.org/A5039346718,https://openalex.org/A5104338077,https://openalex.org/A5087585718,https://openalex.org/A5037449585,https://openalex.org/A5072026505,https://openalex.org/A5109656634,https://openalex.org/A5110673330,https://openalex.org/A5073483644","S M Griffin,Rhys Jones,Sivesh K. Kamarajah,Maziar Navidi,Shajahan Wahed,Arul Immanuel,Nick Hayes,Alexander W. Phillips","Medicine,Esophagectomy,Interquartile range,Surgical oncology,Esophageal cancer,Presentation (obstetrics),Cancer,Adenocarcinoma"
SM4,ggplot2,"https://cran.r-project.org/package=ggplot2,https://ggplot2.tidyverse.org/,https://github.com/tidyverse/ggplot2",,,True,10.3390/cancers13051079,"Dot plot (generated using R’s ggplot2 package) shows the correlation of NES values generated from GSEA between four indicated comparisons, where the color represents the Spearman correlation and size presents the –log10(p-value) of the correlation using the cor.test function","https://openalex.org/A5082528717,https://openalex.org/A5071885433,https://openalex.org/A5049365839,https://openalex.org/A5050249920,https://openalex.org/A5009943730,https://openalex.org/A5034364407,https://openalex.org/A5032637306,https://openalex.org/A5062054067,https://openalex.org/A5042017056,https://openalex.org/A5078706868,https://openalex.org/A5032170083","Manuela Zangrossi,Patrizia Romani,Probir Chakravarty,Colin D.H. Ratcliffe,Steven Hooper,Martina Dori,Mattia Forcato,Silvio Bicciato,Sirio Dupont,Erik Sahai,Marco Montagner","TFEB,Cancer research,Biology,Lysosome,Erythropoietin-producing hepatocellular (Eph) receptor,Breast cancer"
SM4,ggplot2,"https://cran.r-project.org/package=ggplot2,https://ggplot2.tidyverse.org/,https://github.com/tidyverse/ggplot2",,,True,10.1186/s12864-020-6653-6,"Further analysis, visualizations and exploratory data analysis were carried out in R v3.6.0 [38] with the following packages: phangorn v2.5.4 [39]; ape v5.3 [40]; ggplot2 v3.1.1 [41]; ggtree v1.17.1 [42]; gplots v3.0.1.1 [43]; stats v3.6.0.","https://openalex.org/A5032929733,https://openalex.org/A5024407452,https://openalex.org/A5049196128,https://openalex.org/A5113795087","Gabriel A. Vignolle,Robert L. Mach,Astrid R. Mach‐Aigner,Christian Derntl","Biology,Transcriptome,Genome,Computational biology,DNA microarray"
SM4,ggplot2,"https://cran.r-project.org/package=ggplot2,https://ggplot2.tidyverse.org/,https://github.com/tidyverse/ggplot2",,,True,10.3389/fmicb.2020.00494,These analyses were performed using the “phyloseq” R package and graphical outputs were generated using the “ggplot2” R package,"https://openalex.org/A5016993152,https://openalex.org/A5055716453,https://openalex.org/A5073469688,https://openalex.org/A5036337187,https://openalex.org/A5085736461,https://openalex.org/A5073144590,https://openalex.org/A5063583658","Benoît Paix,Nathan Carriot,Raphaëlle Barry‐Martinet,Stéphane Greff,Benjamin Misson,Jean‐François Briand,Gérald Culioli","Thallus,Biology,Epiphyte,Holobiont,Lichen,Metabolome,Algae,Metabolomics"
SM40229,tidyr,"https://cran.r-project.org/package=tidyr,https://tidyr.tidyverse.org/,https://github.com/tidyverse/tidyr",,,True,10.1111/joa.13366,"Statistical analyses were performed in R (Version 3.6.1; www.r‐project.org/) and R‐Studio (Version 1.2.1335; www.rstudio.com/) using the following packages and versions: performance_0.4.4, boot_1.3‐22, plyr_1.8.4, readxl_1.3.1, openxlsx_4.1.0.1, forcats_0.4.0, MuMIn_1.43.6, ggthemes_4.2.0, car_3.0‐3, carData_3.0‐2, MASS_7.3‐51.4, lme4_1.1‐21, Matrix_1.2‐17, stringr_1.4.0, dplyr_0.8.3, purrr_0.3.2, readr_1.3.1, tidyr_0.8.3, tibble_2.1.3, ggplot2_3.2.0, and NCmisc_1.1.6.","https://openalex.org/A5003449962,https://openalex.org/A5052996229,https://openalex.org/A5073848438,https://openalex.org/A5042919624,https://openalex.org/A5103401811,https://openalex.org/A5026581960,https://openalex.org/A5013089015,https://openalex.org/A5010079597,https://openalex.org/A5104047453","Raffaela Lesch,Thomas Schwaha,Andrea Orozco,Margaret Shilling,Susan A. Brunelli,Myron A. Hofer,Daniel L. Bowling,Betty Zimmerberg,William Fitch","Larynx,Thyroid cartilage,Vocal folds,Anatomy"
SM40229,tidyr,"https://cran.r-project.org/package=tidyr,https://tidyr.tidyverse.org/,https://github.com/tidyverse/tidyr",,,True,10.3390/microorganisms9010002,"For the MIC plots and mutations clustering analysis, R version 3.4.2 [23] was used with the following packages: tidyr_0.8.3 [24], data.table_1.12.0 [25], cowplot_0.9.4 [26], ggplot2_3.1.0 [27], pheatmap_1.0.12 [28], RColorBrewer_1.1-2 [29], gplots_3.0.1 [30] and ggtree_1.15.6 [31,32]","https://openalex.org/A5008536972,https://openalex.org/A5053028409,https://openalex.org/A5013421306,https://openalex.org/A5022686761,https://openalex.org/A5037265340,https://openalex.org/A5070566570","Tal Domanovich‐Asor,Yair Motro,Boris Khalfin,Hillary A. Craddock,Avi Peretz,Jacob Moran‐Gilad","rpoB,Antibiotic resistance,Helicobacter pylori,Biology,Genotype,Resistome,23S ribosomal RNA,Phenotype,Genetics"
SM40229,tidyr,"https://cran.r-project.org/package=tidyr,https://tidyr.tidyverse.org/,https://github.com/tidyverse/tidyr",,,True,10.3390/nu13061898,"The analytical packages tidyr, dplyr, and pROC [49] were used along with the graphic package ggplot2 [50]","https://openalex.org/A5003825858,https://openalex.org/A5074755886,https://openalex.org/A5044928436,https://openalex.org/A5016543170,https://openalex.org/A5014005282,https://openalex.org/A5010676067,https://openalex.org/A5112402588,https://openalex.org/A5024940207","Julian Hackler,Raban Heller,Qian Sun,Marco Schwarzer,Joachim Diegmann,Manuel Bachmann,Arash Moghaddam,Lutz Schomburg","Ceruloplasmin,Selenoprotein P,Acute-phase protein,Selenoprotein,Selenium,Copper,Coronavirus disease 2019 (COVID-19),Inflammation"
SM40229,tidyr,"https://cran.r-project.org/package=tidyr,https://tidyr.tidyverse.org/,https://github.com/tidyverse/tidyr",,,True,10.1007/s00426-019-01206-1,"Specifically, we used the packages dplyr (Wickham & Francois, 2016), tidyr, (Wickham, 2018), ggplot2 (Wickham, 2009), trimr (Grange, 2018a), afex (Singmann, Bolker, Westfall, & Aust, 2018), and brms (Bürkner, 2017).","https://openalex.org/A5026638023,https://openalex.org/A5009092326","Agnieszka W. Kowalczyk,James A. Grange",Algorithm
SM40229,tidyr,"https://cran.r-project.org/package=tidyr,https://tidyr.tidyverse.org/,https://github.com/tidyverse/tidyr",,,True,10.7554/eLife.70086,"During data manipulation, we also made use of R packages: dplyr v.1.0.2 (Wickham et al., 2020) and tidyr v.1.1.2 (Wickham and Henry, 2019); for data visualisation we used cowplot v.1.1.0 (Wilke, 2019), ggplot2 v.3.3.2 (Wickham, 2016), ggpubr v.0.4.0 (Kassambara, 2018), ggtext v.0.1.1 (Wilke, 2020), glue v.1.4.2 (Hester, 2020), maps v.3.3.0 (Becker and Wilks, 2018), scico v.1.2.0 (Pedersen and Crameri, 2018), and UpSetR v.1.4.0 (Gehlenborg, 2019)","https://openalex.org/A5085793593,https://openalex.org/A5081600832,https://openalex.org/A5051356865","Alice C. Hughes,Benjamin Michael Marshall,Colin Thomas Strine","Wildlife trade,Threatened species,CITES,IUCN Red List,Endangered species,Wildlife,Biodiversity"
SM40229,tidyr,"https://cran.r-project.org/package=tidyr,https://tidyr.tidyverse.org/,https://github.com/tidyverse/tidyr",,,True,10.7150/jca.55970,"Plotted statistical values (paired-boxplot, correlation matrix diagram, Kaplan-Meier survival analysis, receiver operating characteristics, Calibration, Heatmap, violin plot, boxplot and scatter plot) were applied using R with packages including the following: ggplot2, cowplot, GGally, survival, dplyr, tidyr, survminer, dplyr, pheatmap, cowplot, timeROC, tibble, survivalROC, tidyverse, rms, ggpubr, ggstatsplot","https://openalex.org/A5051242689,https://openalex.org/A5078017334,https://openalex.org/A5007261771,https://openalex.org/A5017223380,https://openalex.org/A5101495714,https://openalex.org/A5048403734,https://openalex.org/A5003159043","Ruanmin Zou,Ruihong Gu,Yu Xia,Yingying Hu,Junhui Yu,Xiangyang Xue,Xueqiong Zhu","Immune system,Cervical cancer"
SM40229,tidyr,"https://cran.r-project.org/package=tidyr,https://tidyr.tidyverse.org/,https://github.com/tidyverse/tidyr",,,True,10.3390/metabo11040211,"Some packages are recommended to be pre-installed in R before gcProfileMakeR runs: readxl, plyr, stringr, dplyr, tidyr, ggplot2 and egg.","https://openalex.org/A5077630323,https://openalex.org/A5041430782,https://openalex.org/A5074417265,https://openalex.org/A5078825850,https://openalex.org/A5072346837,https://openalex.org/A5035439105,https://openalex.org/A5030966645","Fernando Pérez-Sánz,Victoria Ruiz-Hernández,Marta I. Terry,Sara Arce-Gallego,Julia Weiß,Pedro Navarro,Marcos Egea‐Cortines","Constitutive heterochromatin,Constitutive equation,Function (biology)"
SM40229,tidyr,"https://cran.r-project.org/package=tidyr,https://tidyr.tidyverse.org/,https://github.com/tidyverse/tidyr",,,True,10.1038/s41598-020-59494-2,All data processing and analysis was conducted in R (version 3.5.2) extended with the following packages: daymetr to query Daymet data; FedData to access NED and SSURGO databases; sp and raster to process spatial data and terrain analysis; dplyr and tidyr for all other data wrangling; lme4 for linear-mixed effects model fitting; emmeans for post-hoc mean comparison; nlme for non-linear model fitting; and rasterVis and ggplot2 for data visualization.,"https://openalex.org/A5012900103,https://openalex.org/A5074248754","Rafael A. Martinez‐Feria,Bruno Basso",Crop
SM40229,tidyr,"https://cran.r-project.org/package=tidyr,https://tidyr.tidyverse.org/,https://github.com/tidyverse/tidyr",,,True,10.3389/fvets.2020.547181,"Further data analysis was done using RStudio (version 1.2.5033, 2019) with the following packages: phyloseq, vegan, dplyr, scales, grid, reshape2, igraph, ape, gplots, lme4, phangorn, plotly, tidyr, data.table, Maaslin2, ggplot2, stringr, and devtools.","https://openalex.org/A5085370773,https://openalex.org/A5087033539,https://openalex.org/A5003239708,https://openalex.org/A5031761356,https://openalex.org/A5004999999,https://openalex.org/A5080289774,https://openalex.org/A5055381318,https://openalex.org/A5044516884","Catherine Turcotte,Alexandre Thibodeau,Sylvain Quessy,Edward Topp,Guy Beauchamp,Philippe Fravalo,Marie Archambault,Marie‐Lou Gaucher","Antibiotics,Antibiotic resistance,Biology,Broiler"
SM40229,tidyr,"https://cran.r-project.org/package=tidyr,https://tidyr.tidyverse.org/,https://github.com/tidyverse/tidyr",,,True,10.3389/fphys.2021.698463,"All statistical analyses were conducted with RStudio version 1.3.1093 (RStudio, Inc.) and “readxls,” “tidyr,” “dplyr,” “ggridges,” “plyr,” “ggplot2,” “scales,” “viridis,” “pipeR,” “effsize,” “bootES,” “officer,” and “rvg” packages","https://openalex.org/A5047654682,https://openalex.org/A5110970043,https://openalex.org/A5019251677,https://openalex.org/A5000051532","Daniel Fernández,David Moya,Joan A. Cadefau,Gerard Carmona","Perceived exertion,Session (web analytics)"
SM5521,readr,"https://cran.r-project.org/package=readr,https://readr.tidyverse.org/,https://github.com/tidyverse/readr",,,True,10.1111/test.12258,"According to the tidyverse website (https://www.tidyverse.org), “tidyverse is an opinionated collection of R packages designed for data science.” R packages included in the tidyverse collection include tidyverse, ggplot2, dplyr, tidyr, readr, purrr, and tibble","https://openalex.org/A5086634091,https://openalex.org/A5006222384","Arthur Berg,Nour Hawila","Coronavirus disease 2019 (COVID-19),Graphics,Curriculum"
SM5521,readr,"https://cran.r-project.org/package=readr,https://readr.tidyverse.org/,https://github.com/tidyverse/readr",,,True,10.1186/s12935-019-0731-3,"Using the R (version 3.4.4) [44] statistical software and the readr package (version 1.1.1) [46], we parsed the metadata file to identify experiments where the cell lines had been treated with chemotherapeutic compounds (pert_type = “trt_cp”)","https://openalex.org/A5049819147,https://openalex.org/A5074100581,https://openalex.org/A5055725362,https://openalex.org/A5055917945,https://openalex.org/A5005005415,https://openalex.org/A5081977566,https://openalex.org/A5087290282","Michelle H. Townsend,Zac E. Ence,Abigail M. Felsted,Alyssa Parker,Stephen Piccolo,Richard A. Robison,Kim L. O’Neill","Endometrial cancer,Medicine,Immunohistochemistry,Cancer"
SM5521,readr,"https://cran.r-project.org/package=readr,https://readr.tidyverse.org/,https://github.com/tidyverse/readr",,,True,10.3934/publichealth.2021034,"We used R Studio Version 1.2.5042 and libraries readxl, readr, gdata, mice, glment, caret for the computations.","https://openalex.org/A5005112626,https://openalex.org/A5011206738","Kathleen Lois Foster,Alessandro Selvitella","Pandemic,Equity (law),Coronavirus disease 2019 (COVID-19),Index (typography),Demography"
SM5521,readr,"https://cran.r-project.org/package=readr,https://readr.tidyverse.org/,https://github.com/tidyverse/readr",,,True,10.1371/journal.pone.0255433,"Data was analysed and figures were developed by using RStudio Version 1.2.5033 (RStudio, Inc., Boston, MA, USA) with readr, plyr and ggplot2 packages [49–51]","https://openalex.org/A5086228742,https://openalex.org/A5083763196,https://openalex.org/A5009222479,https://openalex.org/A5044518133,https://openalex.org/A5104326773,https://openalex.org/A5104389036,https://openalex.org/A5013224926,https://openalex.org/A5054200621,https://openalex.org/A5033111278,https://openalex.org/A5088187602,https://openalex.org/A5081756586,https://openalex.org/A5036103659","Stephen Osei-Wusu,Isaac Darko Otchere,Portia Morgan,Abdul Basit Musah,Ishaque Mintah Siam,Diana Asema Asandem,Theophilus Afum,Prince Asare,Adwoa Asante-Poku,Kwadwo Asamoah Kusi,Sébastien Gagneux,Dorothy Yeboah‐Manu","Mycobacterium tuberculosis complex,Biology,Genotype,Mycobacterium tuberculosis"
SM5521,readr,"https://cran.r-project.org/package=readr,https://readr.tidyverse.org/,https://github.com/tidyverse/readr",,,True,10.1186/s13059-019-1783-3,"Packages used to generate arcplots included viridis version 0.5.1, viridisLite version 0.3.0, igraph version 1.1.2, ggraph version 1.0.0, ggplot2 version 2.2.1, reshape2 version 1.4.3, dplyr version 0.7.4, tidyr version 0.7.2, and readr version 1.1.1.","https://openalex.org/A5087222132,https://openalex.org/A5071765583,https://openalex.org/A5063815443,https://openalex.org/A5039266926,https://openalex.org/A5051428406,https://openalex.org/A5005062415","Kathleen C. Keough,Svetlana Lyalina,Michael Olvera,Sean Whalen,Bruce R. Conklin,Katherine S. Pollard","Biology,Genome,Genetics,Computational biology,CRISPR,Genome editing"
SM5521,readr,"https://cran.r-project.org/package=readr,https://readr.tidyverse.org/,https://github.com/tidyverse/readr",,,True,10.1038/s41598-019-57094-3,"The R packages “MatchIt”, “survminer”, “readr”, “survival”, and “forestplot” with the appropriate libraries were used.","https://openalex.org/A5109786272,https://openalex.org/A5100379273,https://openalex.org/A5042503989,https://openalex.org/A5100372106,https://openalex.org/A5073723493,https://openalex.org/A5101614303,https://openalex.org/A5003928622,https://openalex.org/A5100412615,https://openalex.org/A5062146153,https://openalex.org/A5100744575,https://openalex.org/A5100727004","Xiuzhi Zhu,Li Chen,Binhao Huang,Yue Wang,Lei Ji,Jiong Wu,Gen‐Hong Di,Guang‐Yu Liu,Ke‐Da Yu,Zhimin Shao,Zhonghua Wang","Cutoff,Ki-67,Triple-negative breast cancer,Medicine,Breast cancer,Internal medicine,Stage (stratigraphy),Oncology,Proportional hazards model"
SM5521,readr,"https://cran.r-project.org/package=readr,https://readr.tidyverse.org/,https://github.com/tidyverse/readr",,,True,10.1038/s41598-021-96403-7,"For statistical analysis, the continuous data were extracted to a database on Excel Software (Version 16.42) before using RStudio software (Version 1.4.1106, RStudio, Inc) with the following packages: “meta”, “metafor”, “readr”, “Rcpp”, “BH” and “readxl” to perform the appropriate metanalytical procedures.","https://openalex.org/A5005934719,https://openalex.org/A5021941941,https://openalex.org/A5069229564,https://openalex.org/A5041232466,https://openalex.org/A5030654475,https://openalex.org/A5016881621,https://openalex.org/A5047638759,https://openalex.org/A5007930040","Sacha Clael,Lorrane Freitas Campos,Karina Lisboa Correia,Joana Marcela Sales de Lucena,Paulo Gentil,João Luíz Quagliotti Durigan,Alexandre Lima de Araújo Ribeiro,Wagner Rodrigues Martins","Meta-analysis,Physical medicine and rehabilitation,Lumbar,Medicine,Physical therapy"
SM5521,readr,"https://cran.r-project.org/package=readr,https://readr.tidyverse.org/,https://github.com/tidyverse/readr",,,True,10.1038/s41598-020-76683-1,"All analyses and data visualizations were performed with the Software package R (Version 1.2.5033) using the following packages: ggpubr, ggplot2, cowplot, writexl, car, jtools, readr, broom, ggfortify, tidyr, scales, plyr, RColorBrewer, reshape2, tidyverse, grid, gridExtra, ggExtra, patchwork, apaTables, MBESS, egg, ggm, effectsize, ppcor, GGally, psychReport, lsr, ez, lattice, dplyr, rmarkdown, Rmisc, gghalves, BayesFactor","https://openalex.org/A5016158599,https://openalex.org/A5040611458,https://openalex.org/A5079534304,https://openalex.org/A5022750686,https://openalex.org/A5045380835","Mana R. Ehlers,Janne I Nold,Manuel Kühn,Maren Klingelhöfer-Jens,Tina B. Lonsdorf","Brain morphometry,Psychology,Extinction (optical mineralogy),Amygdala,Neuroscience,Anterior cingulate cortex,Orbitofrontal cortex,Insula"
SM5521,readr,"https://cran.r-project.org/package=readr,https://readr.tidyverse.org/,https://github.com/tidyverse/readr",,,True,10.1037/rev0000169,"Our software, analyses, and article were all created using the programming language R (R Core Team, 2017), and benefited in particular from the following open-source packages: bookdown, boot, checkmate, cocor, cowplot, dplyr, ggplot2, glue, gtools, hht, knitr, jsonlite, magrittr, margins, memoise, numbers, papaja, phonTools, plyr, purrr, Rdpack, readr, rmarkdown, testthat, tibble, tidyr, usethis, withr, and zeallot","https://openalex.org/A5032482902,https://openalex.org/A5046843039","Peter M. C. Harrison,Marcus T. Pearce","Salient,Chord (peer-to-peer),Perception,Phenomenon,Psychology,Musical,Cognitive psychology,Variety (cybernetics)"
SM5521,readr,"https://cran.r-project.org/package=readr,https://readr.tidyverse.org/,https://github.com/tidyverse/readr",,,True,10.7717/peerj.4473, # load  required  libraries library(pcr) library(ggplot2) library(cowplot) library(dplyr) library(xtable) library(readr) ,"https://openalex.org/A5005272443,https://openalex.org/A5021046528","Mahmoud Ahmed,Deok Ryong Kim","Computer science,R package,Data mining"
