id,name,doi,paragraph,authors_oa,authors,field/topic/keywords,url (ground truth),reference,annotator,comments,candidate_urls,probability (ground truth)
1,sklearn,10.1107/S2059798318005752,The coefficient and intercept were determined by the ‘LogisticRegression’ module in sklearn (http://www.scikit-learn.org),"https://openalex.org/A5077089766,https://openalex.org/A5061781296,https://openalex.org/A5082040267,https://openalex.org/A5088902146,https://openalex.org/A5028801665,https://openalex.org/A5059641441,https://openalex.org/A5032708452,https://openalex.org/A5089365419,https://openalex.org/A5000886409,https://openalex.org/A5035963236,https://openalex.org/A5054947471,https://openalex.org/A5032777022,https://openalex.org/A5083751887,https://openalex.org/A5048105013,https://openalex.org/A5024767959,https://openalex.org/A5020751117","Adam J Simpkin,Felix Šimkovic,Jens M. H. Thomas,Martin Savko,А. А. Лебедев,Ville Uski,Clive Ballard,Marcin Wojdyr,Rui Wu,Ruslan Sanishvili,Yibin Xu,María‐Natalia Lisa,Alejandro Buschiazzo,William Shepard,Daniel J. Rigden,Ronan Keegan","Molecular replacement,Pipeline (software),Protein Data Bank (RCSB PDB),Computer science,Sequence (biology),Algorithm,Protein Data Bank,Set (abstract data type)",https://github.com/scikit-learn/scikit-learn,,DanielGarijo,,https://github.com/scikit-learn/scikit-learn,1
2,sklearn,10.1002/advs.201903392,"SHAP was implemented using the shap package in Python 3.7.[ ] Regression models were generated using random forest and XGBoost, using the packages sklearn and xgboost in Python 3.7","https://openalex.org/A5086106775,https://openalex.org/A5051446557,https://openalex.org/A5023556737,https://openalex.org/A5052952602,https://openalex.org/A5050765673,https://openalex.org/A5032492321,https://openalex.org/A5053599027,https://openalex.org/A5080383386,https://openalex.org/A5017730248,https://openalex.org/A5076173216,https://openalex.org/A5058224640,https://openalex.org/A5019725924,https://openalex.org/A5004331670","Matthew Vassey,Grazziela P. Figueredo,David J. Scurr,Aliaksei Vasilevich,Steven Vermeulen,Aurélie Carlier,Jeni Luckett,Nick R. M. Beijer,Paul Williams,David A. Winkler,Jan de Boer,Amir M. Ghaemmaghami,Morgan R. Alexander","Macrophage,Phenotype,Immune system,Rational design,Monocyte,Cell biology",https://github.com/scikit-learn/scikit-learn,,DanielGarijo,,https://github.com/scikit-learn/scikit-learn,1
3,sklearn,10.18632/aging.203447,Analyses were performed using the sklearn (version 0.20.3) and lifelines (version 0.19.5) packages in python.,"https://openalex.org/A5014005059,https://openalex.org/A5081086157,https://openalex.org/A5080026350,https://openalex.org/A5085869644,https://openalex.org/A5081875263,https://openalex.org/A5013113087","Ted Kheng Siang Ng,David B. Matchar,Timothy V. Pyrkov,П. О. Федичев,Angelique Chan,Brian K. Kennedy","Socioeconomic status,Demography,Body mass index,Gerontology",https://github.com/scikit-learn/scikit-learn,,DanielGarijo,,https://github.com/scikit-learn/scikit-learn,1
4,sklearn,10.1111/acel.13320,The age prediction models use an elastic net regression as implemented by Pythons’ sklearn,"https://openalex.org/A5065810922,https://openalex.org/A5062040602","David Meyer,Björn Schumacher","Biology,Transcriptome,Epigenetics,Caenorhabditis elegans,DNA methylation,Longevity,Genetics,Computational biology",https://github.com/scikit-learn/scikit-learn,,DanielGarijo,,https://github.com/scikit-learn/scikit-learn,1
5,sklearn,10.1186/s13195-021-00874-9,Statistical analyses were performed using Python (version 3.7.3) and the sklearn package (version 0.21.3),"https://openalex.org/A5077097282,https://openalex.org/A5056098144,https://openalex.org/A5090687686,https://openalex.org/A5026111741,https://openalex.org/A5081121858","Samantha Prins,Ahnjili Zhuparris,Ellen P. Hart,Robert Doll,Geert Jan Groeneveld","Medicine,Logistic regression,Biomarker,Internal medicine",https://github.com/scikit-learn/scikit-learn,,DanielGarijo,,https://github.com/scikit-learn/scikit-learn,1
6,sklearn Python package,10.1016/j.patter.2021.100270,"The Equations 1.5 and 1.6 were estimated using the Linear model function implemented in the sklearn Python package, using default parameters","https://openalex.org/A5056041405,https://openalex.org/A5029016164,https://openalex.org/A5016018407,https://openalex.org/A5000345935,https://openalex.org/A5042241049","Chinedu Anthony Anene,Faraz Khan,Findlay Bewicke-Copley,Eleni Maniati,Jun Wang","Computational biology,Computer science",https://github.com/scikit-learn/scikit-learn,,DanielGarijo,,https://github.com/scikit-learn/scikit-learn,1
7,sklearn Python package,10.7717/peerj.10501,"The feature vector values were scaled from 0.0 to 1.0 using the minmaxscaler in the sklearn Python package (Pedregosa et al., 2011)","https://openalex.org/A5027368263,https://openalex.org/A5046499791,https://openalex.org/A5049097389,https://openalex.org/A5029694747,https://openalex.org/A5071271868,https://openalex.org/A5044044438","Eliot Cline,Nuttachat Wisittipanit,Tossapon Boongoen,Ekachai Chukeatirote,D. Struss,A. Eungwanichayapant","Quality Score,Computer science",https://github.com/scikit-learn/scikit-learn,,DanielGarijo,,https://github.com/scikit-learn/scikit-learn,1
8,sklearn Python package,10.1016/j.cub.2020.04.042,The network was trained using the backpropagation algorithm and weights were optimized using a stochastic gradient-based solver with adaptive momentum estimation via the sklearn Python package [78].,"https://openalex.org/A5027138388,https://openalex.org/A5053583655,https://openalex.org/A5090328574","Arne F. Meyer,John O’Keefe,Jasper Poort","Eye movement,Saccadic masking,Gaze,Saccade,Fixation (population genetics),Head (geology)",https://github.com/scikit-learn/scikit-learn,,DanielGarijo,,https://github.com/scikit-learn/scikit-learn,1
9,sklearn Python package,10.1128/mSystems.00164-16,The multidimensional scaling plots were computed with the sklearn Python package (83).,"https://openalex.org/A5023870348,https://openalex.org/A5029083455,https://openalex.org/A5015174011,https://openalex.org/A5019607564,https://openalex.org/A5005465280,https://openalex.org/A5090565505,https://openalex.org/A5083673722,https://openalex.org/A5039299077,https://openalex.org/A5009616165,https://openalex.org/A5039663129,https://openalex.org/A5068576885","Francesco Asnicar,Serena Manara,Moreno Zolfo,Duy Tin Truong,Matthias Scholz,Federica Armanini,Pamela Ferretti,Valentina Gorfer,Anna Pedrotti,Adrian Tett,Nicola Segata","Microbiome,Metagenomics,Biology,Bifidobacterium",https://github.com/scikit-learn/scikit-learn,,DanielGarijo,,https://github.com/scikit-learn/scikit-learn,1
10,Python package sklearn,10.1186/s12916-020-01748-x,"We tested gene signatures using the test set, and ROC curves were generated to compute performance metrics using the Python package sklearn.metrics.roc_curve [29]⁠","https://openalex.org/A5074140284,https://openalex.org/A5020090599,https://openalex.org/A5077316921,https://openalex.org/A5047053859,https://openalex.org/A5082027663,https://openalex.org/A5073866973","Hoang Dong Nguyen,Andréa Allaire,Phedias Diamandis,Martin Bisaillon,Michelle S. Scott,Maxime Richer","Glioma,Isocitrate dehydrogenase",https://github.com/scikit-learn/scikit-learn,,DanielGarijo,,https://github.com/scikit-learn/scikit-learn,1
11,Python package sklearn,10.1186/s13059-020-02189-8,"With the values for the above sequence and epigenetic features and the category labels, we performed random forest analysis using the RandomForestRegressor function in the Python package sklearn [57] to evaluate the importance of each feature to the DNA methylation heterogeneity.","https://openalex.org/A5080880073,https://openalex.org/A5081128142,https://openalex.org/A5009826802,https://openalex.org/A5012094633,https://openalex.org/A5058603003,https://openalex.org/A5017178504,https://openalex.org/A5021231816","Chengchen Zhao,Naiqian Zhang,Yalin Zhang,Nuermaimaiti Tuersunjiang,Shaorong Gao,Wenqiang Liu,Yong Zhang","DNA methylation,Epigenetics,Biology,Methylation,DNA",https://github.com/scikit-learn/scikit-learn,,DanielGarijo,,https://github.com/scikit-learn/scikit-learn,1
12,Python package sklearn,10.3390/ijms21030713,"Each ML method was applied with its default settings using Python package sklearn [40], both with and without data trimming, separately for each dataset","https://openalex.org/A5030144117,https://openalex.org/A5073346552,https://openalex.org/A5080912691,https://openalex.org/A5077749610,https://openalex.org/A5008472454,https://openalex.org/A5062609945","Victor Tkachev,Maxim Sorokin,Constantin Borisov,Andrew Garazha,Anton Buzdin,Nicolas Borisov","Artificial intelligence,Support vector machine,Computer science,Machine learning,Random forest",https://github.com/scikit-learn/scikit-learn,,DanielGarijo,,https://github.com/scikit-learn/scikit-learn,1
13,sklearn python package,10.3390/s21041463,"The tuned hyper-parameters were: The training set was split in train and validation using the train_test_split function from the sklearn python package, using a 80-20% split, ensuring stratification on the predicted class","https://openalex.org/A5046475893,https://openalex.org/A5080713233,https://openalex.org/A5054717588,https://openalex.org/A5007584366,https://openalex.org/A5040302008","Davide Morelli,Alessio Rossi,Leonardo Bartoloni,Massimo Cairo,David A. Clifton","Standard deviation,Heart rate variability,QRS complex,Wearable computer,Wearable technology",https://github.com/scikit-learn/scikit-learn,,DanielGarijo,,https://github.com/scikit-learn/scikit-learn,1
14,sklearn python package,10.7554/eLife.52611,"Regression coefficients were calculated using the sklearn.linear_model.Ridge function from the sklearn python package (Pedregosa et al., 2011) where X is 111 x d (and d is the number of transcripts) and y is the vector for RRTS values for each transcript","https://openalex.org/A5079198530,https://openalex.org/A5050772561","Jamie R Wangen,Rachel Green","Stop codon,Biology,Genetics,Gene,Start codon,Ribosome profiling",https://github.com/scikit-learn/scikit-learn,,DanielGarijo,,https://github.com/scikit-learn/scikit-learn,1
15,Python sklearn library,10.1155/2020/1384749,The SVM and RF algorithms were implemented using the Python sklearn library [49],"https://openalex.org/A5041297347,https://openalex.org/A5063918150,https://openalex.org/A5072808334,https://openalex.org/A5084393249,https://openalex.org/A5011641116","Xiuzhi Sang,Wanyue Xiao,Huiwen Zheng,Yang Yang,Taigang Liu","Support vector machine,Hidden Markov model,Feature selection,Computer science,Artificial intelligence,Classifier (UML),Machine learning,Benchmark (surveying)",https://github.com/scikit-learn/scikit-learn,,DanielGarijo,,https://github.com/scikit-learn/scikit-learn,1
16,Python sklearn library,10.3390/e22111274,It is implemented using Python sklearn library which provides highly standardised and efficient set of tools for calculation clustering quality and clustering comparison scores,"https://openalex.org/A5024201606,https://openalex.org/A5025746657,https://openalex.org/A5009774873","Alexander Chervov,Jonathan Bac,Andreï Zinovyev","Computer science,Cluster analysis,Python (programming language),Data point",https://github.com/scikit-learn/scikit-learn,,DanielGarijo,,https://github.com/scikit-learn/scikit-learn,1
17,Python sklearn library,10.3389/fonc.2021.652063,"Thus, to further characterize them we used several non-deep ML methods implemented in the Python sklearn library (56).","https://openalex.org/A5062609945,https://openalex.org/A5036486756,https://openalex.org/A5079640410,https://openalex.org/A5026147560,https://openalex.org/A5038935137,https://openalex.org/A5050028940,https://openalex.org/A5007439439,https://openalex.org/A5030674790,https://openalex.org/A5077749610,https://openalex.org/A5030144117,https://openalex.org/A5038695859,https://openalex.org/A5073346552,https://openalex.org/A5021451057,https://openalex.org/A5008472454","Nicolas Borisov,Anna Sergeeva,Maria Suntsova,Mikhail Raevskiy,Нуршат Гайфуллин,Л. П. Менделеева,Alexander Gudkov,Maria Nareiko,Andrew Garazha,Victor Tkachev,Xinmin Li,Maxim Sorokin,В. Л. Сурин,Anton Buzdin","Bortezomib,Multiple myeloma,Dexamethasone,Medicine,Oncology",https://github.com/scikit-learn/scikit-learn,,DanielGarijo,,https://github.com/scikit-learn/scikit-learn,1
18,Python sklearn library,10.2196/19133,We computed bag-of-words models using the TfIdfVectorizer() function in the Python sklearn library [43].,"https://openalex.org/A5057722785,https://openalex.org/A5084833828,https://openalex.org/A5055405987,https://openalex.org/A5010445307,https://openalex.org/A5060873310","Andrea Ferrario,Burcu Demiray,Kristina Yordanova,Minxia Luo,Mike Martin","Reminiscence,Artificial intelligence,Machine learning,Computer science,Random forest,Natural language processing",https://github.com/scikit-learn/scikit-learn,,DanielGarijo,,https://github.com/scikit-learn/scikit-learn,1
19,Python sklearn,10.3390/pharmaceutics13071026,Drug molecular features were standardised by removing their mean and scaling to unit variance (performed with the StandardScaler tool in the Python sklearn.preprocessing library),"https://openalex.org/A5069869080,https://openalex.org/A5062166996,https://openalex.org/A5074277071,https://openalex.org/A5063675922,https://openalex.org/A5020162492","Laura E. McCoubrey,Moe Elbadawi,Mine Orlu,Simon Gaisford,Abdul W. Basit","Microbiome,Gut microbiome,Drug,Machine learning",https://github.com/scikit-learn/scikit-learn,,DanielGarijo,,https://github.com/scikit-learn/scikit-learn,1
20,Python sklearn,10.3390/e22111274,Having produced clustering of the dataset by several approximating graphs (see previous steps) one can use the well-established and efficiently implemented in Python sklearn library scores for clustering comparison,"https://openalex.org/A5024201606,https://openalex.org/A5025746657,https://openalex.org/A5009774873","Alexander Chervov,Jonathan Bac,Andreï Zinovyev","Computer science,Cluster analysis,Python (programming language),Data point",https://github.com/scikit-learn/scikit-learn,,DanielGarijo,,https://github.com/scikit-learn/scikit-learn,1
21,Python sklearn,10.3390/e22111274,They are efficiently implemented in Python sklearn library,"https://openalex.org/A5024201606,https://openalex.org/A5025746657,https://openalex.org/A5009774873","Alexander Chervov,Jonathan Bac,Andreï Zinovyev","Computer science,Cluster analysis,Python (programming language),Data point",https://github.com/scikit-learn/scikit-learn,,DanielGarijo,,https://github.com/scikit-learn/scikit-learn,1
22,Python sklearn,10.3389/fnins.2021.629892,"The task consists in training a 256-500-500-10 network to solve a synthetic classification problem with 16×16-pixel images and 10 classes; the data to classify is generated automatically with the Python sklearn library (Pedregosa et al., 2011) (see section 4)","https://openalex.org/A5053902946,https://openalex.org/A5042230376,https://openalex.org/A5065138463","Charlotte Frenkel,Martin Lefebvre,David Bol","Computer science,Backpropagation,Artificial neural network,Feed forward,Artificial intelligence,Enhanced Data Rates for GSM Evolution",https://github.com/scikit-learn/scikit-learn,"Pedregosa et al., 2011",DanielGarijo,,https://github.com/scikit-learn/scikit-learn,1
23,Python sklearn,10.3389/frobt.2019.00049,"We compared the performances of four of classifier (random forest classifier, extra-tree classifier, multi-layer perceptron classifier and a k-Nearest Neighbor classifier, using implementations from the Python sklearn toolkit; hyper-parameters were optimized using a grid search where applicable), and eventually selected a k-Nearest Neighbor (with k = 3) classifier as providing the best overall classification performance.","https://openalex.org/A5012225110,https://openalex.org/A5067344223,https://openalex.org/A5035627933,https://openalex.org/A5081506012,https://openalex.org/A5074580437","Madeleine Bartlett,Charlotte Edmunds,Tony Belpaeme,Serge Thill,Séverin Lemaignan","Computer science,Natural (archaeology)",https://github.com/scikit-learn/scikit-learn,,DanielGarijo,,https://github.com/scikit-learn/scikit-learn,1
24,Python sklearn,10.3389/frobt.2019.00049,"Accuracy, precision, recall and F1 score were calculated to assess the performance of the classifier (following recommendations in Sorower (2010) and using the weighted implementations of the metrics available in the Python sklearn toolkit)","https://openalex.org/A5012225110,https://openalex.org/A5067344223,https://openalex.org/A5035627933,https://openalex.org/A5081506012,https://openalex.org/A5074580437","Madeleine Bartlett,Charlotte Edmunds,Tony Belpaeme,Serge Thill,Séverin Lemaignan","Computer science,Natural (archaeology)",https://github.com/scikit-learn/scikit-learn,,DanielGarijo,,https://github.com/scikit-learn/scikit-learn,1
25,sklearn Python,10.1186/s12859-020-03582-7,"Next, a random forest model is trained (using the sklearn Python package) to classify compounds as to their bioactivity against the protein of interest","https://openalex.org/A5041357983,https://openalex.org/A5032549628,https://openalex.org/A5018093575,https://openalex.org/A5001250049","Kenneth Westerman,Sean Harrington,José M. Ordovás,Laurence D. Parnell","chEMBL,Computational biology,DrugBank,Peroxisome proliferator-activated receptor gamma,PubChem,Novel food",https://github.com/scikit-learn/scikit-learn,,DanielGarijo,,https://github.com/scikit-learn/scikit-learn,1
26,sklearn,10.1021/acsomega.1c00991,"Machine learning procedures were used/implemented with sklearn, tensorflow, and (for the GNN) pytorch-geometric, while the fingerprints were generated with Dscribe(54) and our own implementation of the PDDF","https://openalex.org/A5063246921,https://openalex.org/A5024700821","Felix Mayr,Alessio Gagliardi","Benchmark (surveying),Fingerprint (computing),Computer science,Workflow",https://github.com/scikit-learn/scikit-learn,,DanielGarijo,,https://github.com/scikit-learn/scikit-learn,1
27,sklearn,10.18632/aging.203447,Analyses were performed using the sklearn (version 0.20.3) and lifelines (version 0.19.5) packages in python.,"https://openalex.org/A5014005059,https://openalex.org/A5081086157,https://openalex.org/A5080026350,https://openalex.org/A5085869644,https://openalex.org/A5081875263,https://openalex.org/A5013113087","Ted Kheng Siang Ng,David B. Matchar,Timothy V. Pyrkov,П. О. Федичев,Angelique Chan,Brian K. Kennedy","Socioeconomic status,Demography,Body mass index,Gerontology",https://github.com/scikit-learn/scikit-learn,,DanielGarijo,,https://github.com/scikit-learn/scikit-learn,1
28,SKLEARN,10.1155/2020/8858588,Li [4] proposed an SKLEARN system based on automatic machine learning,"https://openalex.org/A5001583614,https://openalex.org/A5021809024,https://openalex.org/A5046838751,https://openalex.org/A5086704396","Li Ji,Huiqiang Zhang,Jianping Ou,Wei Wang","Computer science,Radar,Universal Software Radio Peripheral,Convolutional neural network,Robustness (evolution)",https://github.com/scikit-learn/scikit-learn,,DanielGarijo,,https://github.com/scikit-learn/scikit-learn,1
29,SKLEARN,10.1155/2020/8858588,"Through the automatic solution algorithm of the SKLEARN system and the optimization of hyperparameters, the accuracy of radar signal recognition is improved and the stability is more reliable","https://openalex.org/A5001583614,https://openalex.org/A5021809024,https://openalex.org/A5046838751,https://openalex.org/A5086704396","Li Ji,Huiqiang Zhang,Jianping Ou,Wei Wang","Computer science,Radar,Universal Software Radio Peripheral,Convolutional neural network,Robustness (evolution)",https://github.com/scikit-learn/scikit-learn,,DanielGarijo,,https://github.com/scikit-learn/scikit-learn,1
30,SKLEARN,10.3389/fmicb.2019.01084,"As SKLEARN represents a machine learning approach, the additional flexibility provided was to assign taxonomy after training the algorithm with extracted reference sequences from the SILVA and UNITE databases using the aforementioned PCR primers and trimmed to a length equal to the maximum length of the reads after quality filtering","https://openalex.org/A5090547814,https://openalex.org/A5015645800,https://openalex.org/A5036507910","Dimitrios Kioroglou,Albert Mas,María del Carmen Machuca Portillo","Workflow,Computer science",https://github.com/scikit-learn/scikit-learn,,DanielGarijo,,https://github.com/scikit-learn/scikit-learn,1
31,SKLEARN,10.3389/fmicb.2019.01084,The training process of SKLEARN is based on k-mers where the value 7 was used as it is the default balanced QIIME 2 parameter,"https://openalex.org/A5090547814,https://openalex.org/A5015645800,https://openalex.org/A5036507910","Dimitrios Kioroglou,Albert Mas,María del Carmen Machuca Portillo","Workflow,Computer science",https://github.com/scikit-learn/scikit-learn,,DanielGarijo,,https://github.com/scikit-learn/scikit-learn,1
32,SKLEARN,10.3389/fmicb.2019.01084,"In relaxed terms, during the training process SKLEARN splits each reference sequence into a series of overlapping heptamers and assigns a level of taxonomy to a given collection of heptamers","https://openalex.org/A5090547814,https://openalex.org/A5015645800,https://openalex.org/A5036507910","Dimitrios Kioroglou,Albert Mas,María del Carmen Machuca Portillo","Workflow,Computer science",https://github.com/scikit-learn/scikit-learn,,DanielGarijo,,https://github.com/scikit-learn/scikit-learn,1
33,SKLEARN,10.3389/fmicb.2019.01084,"Later on, during the classification process SKLEARN splits each sequence once again into a collection of overlapping heptamers, and tries to assign a level of taxonomy by taking into consideration the collections of heptamers from the reference sequences","https://openalex.org/A5090547814,https://openalex.org/A5015645800,https://openalex.org/A5036507910","Dimitrios Kioroglou,Albert Mas,María del Carmen Machuca Portillo","Workflow,Computer science",https://github.com/scikit-learn/scikit-learn,,DanielGarijo,,https://github.com/scikit-learn/scikit-learn,1
34,Pandas,10.1007/s00701-021-04837-9,The large datasets were analyzed using Python 3.8.2 in conjunction with Pandas 1.2.1 and NumPy 1.20.0 before statistical analysis.,"https://openalex.org/A5088450116,https://openalex.org/A5040624275,https://openalex.org/A5064362900,https://openalex.org/A5059613640,https://openalex.org/A5085927420,https://openalex.org/A5029593472,https://openalex.org/A5054004803","Justyna Lunkiewicz,Giovanna Brandi,Jan Willms,Christian Strässle,Gagan Narula,Emanuela Keller,Carl Muroi","Nimodipine,Medicine,Anesthesia,Subarachnoid hemorrhage,Cardiac index,Context (archaeology)",https://github.com/pandas-dev/pandas,,DanielGarijo,,https://github.com/pandas-dev/pandas,1
35,Pandas,10.1002/advs.202001314,"Statistical analyses were performed using Python libraries Numpy, Scipy, and Pandas.","https://openalex.org/A5072616968,https://openalex.org/A5080207299","Wenze Ding,H. Gong","Protein structure prediction,Residue (chemistry),Computer science",https://github.com/pandas-dev/pandas,,DanielGarijo,,https://github.com/pandas-dev/pandas,1
36,Pandas,10.1021/acs.analchem.0c04373,The package was written with Python (v.3.6.6) and relied heavily on Pandas (v,"https://openalex.org/A5051315186,https://openalex.org/A5044703855,https://openalex.org/A5028219671,https://openalex.org/A5021904890,https://openalex.org/A5017915086","Kang-Yu Peng,Malinda Salim,Joseph Pelle,Gisela Ramirez,Ben J. Boyd","Bovine milk,Chemistry",https://github.com/pandas-dev/pandas,,DanielGarijo,,https://github.com/pandas-dev/pandas,1
37,Pandas,10.3390/ani11030865,"To obtain the bacterial composition and function profiles of sable intestinal microbiome, the proportion of microbes at different taxonomic levels and functional gene benchmark were calculated in the NumPy and Pandas packages in Python","https://openalex.org/A5072154816,https://openalex.org/A5038097386,https://openalex.org/A5041109699,https://openalex.org/A5020090863,https://openalex.org/A5059693277,https://openalex.org/A5039418899,https://openalex.org/A5047509131,https://openalex.org/A5013496105,https://openalex.org/A5012199734","Lantian Su,Xinxin Liu,Guang-Yao Jin,Yue Ma,Haoxin Tan,Muhammed Abdul Khalid,Martin Romantschuk,Shan Yin,Nan Hui","Habitat,Biology,Ecology,Firmicutes,Actinobacteria,Abundance (ecology),Relative species abundance",https://github.com/pandas-dev/pandas,,DanielGarijo,,https://github.com/pandas-dev/pandas,1
38,Pandas,10.3390/ani10060939,"The Python [15] language was used with critical libraries including SciPy [16,17], NumPy [18,19], Pandas [20], Scikit-Posthocs [21], Lifelines [22], Matplotlib/Seaborn [23,24], and FBProphet [25].","https://openalex.org/A5014936510,https://openalex.org/A5034892115,https://openalex.org/A5025106980,https://openalex.org/A5081619511","Kevin Horecka,Steve Porter,E. Susan Amirian,Ellen P. Jefferson","Canine parvovirus,Population,Parvovirus",https://github.com/pandas-dev/pandas,,DanielGarijo,,https://github.com/pandas-dev/pandas,1
39,Pandas,10.3390/antibiotics10040385,"The clean data were then merged with metadata (i.e., DOI, article title, year published, journal, PMC ID) from the paired JSON files for each article, and a combination of Pandas, a popular python library with integrated data processing functions, data frames and NLTK processing were used to calculate the term counts per article","https://openalex.org/A5026126257,https://openalex.org/A5049359322,https://openalex.org/A5081565182,https://openalex.org/A5005488640,https://openalex.org/A5089598695,https://openalex.org/A5049830878,https://openalex.org/A5061221591,https://openalex.org/A5058552945","Lauren Wind,Jonathan Briganti,Anne M. Brown,Timothy P. Neher,Meghan F. Davis,Lisa M. Durso,Tanner Spicer,Stephanie Lansing","Context (archaeology),Antibiotic resistance",https://github.com/pandas-dev/pandas,,DanielGarijo,,https://github.com/pandas-dev/pandas,1
40,panda,10.1371/journal.pone.0228422,1: Load the data using read_csv() function of panda library,"https://openalex.org/A5035552325,https://openalex.org/A5020643085","Md. Raihan-Al-Masud,M. Rubaiyat Hossain Mondal","Support vector machine,Artificial intelligence,Feature selection,Computer science,Machine learning,Pattern recognition (psychology),Preprocessor",https://github.com/pandas-dev/pandas,,DanielGarijo,,https://github.com/pandas-dev/pandas,1
41,panda,10.3389/fnbeh.2021.709775,"The following data analysis and visualization was performed with R (R Core Team, 2020; version 3.4.2) and Python (version 3.8), using the panda package (version 1.2.3).","https://openalex.org/A5010044381,https://openalex.org/A5058570603,https://openalex.org/A5010834901,https://openalex.org/A5058162771,https://openalex.org/A5061905139,https://openalex.org/A5064129096,https://openalex.org/A5043551203","Pia Kahnau,Anja Guenther,Marcus N. Boon,Janine Denise Terzenbach,Eric Hanitzsch,Lars Lewejohann,Vera Brust","Cognition,Cage",https://github.com/pandas-dev/pandas,,DanielGarijo,,https://github.com/pandas-dev/pandas,1
42,panda,10.3389/fcvm.2021.619386,"We used Python version 3.7 as the basic language of the whole model and call numpy, panda, sklearn, xgboost, and Matplotlib libraries to process and model the data","https://openalex.org/A5064560407,https://openalex.org/A5062802948,https://openalex.org/A5061511972,https://openalex.org/A5033739869,https://openalex.org/A5052895969,https://openalex.org/A5021948453,https://openalex.org/A5001487780,https://openalex.org/A5010254971,https://openalex.org/A5090414029,https://openalex.org/A5087757082,https://openalex.org/A5016028341,https://openalex.org/A5029444990","Dongmei Wu,Qiuju Yang,Baohua Su,Hao Jia,MA Hui-rong,Weilan Yuan,Junhui Gao,Feifei Ding,Yue Xu,Huifeng Wang,Jiangman Zhao,Bingqiang Li","Medicine,Internal medicine,Coronary artery disease,Asymptomatic,Diabetes mellitus,Risk factor,Odds ratio,Triglyceride,Cardiology",https://github.com/pandas-dev/pandas,,DanielGarijo,,https://github.com/pandas-dev/pandas,1
43,panda,10.3389/fphys.2017.00354,"Bio-analysis was performed under Ubuntu 16.04 LTS Docker image (Hung et al., 2016) within a custom Python (Python Software Foundation, 2015) scripts using the packages biopython, pyexcel, csv, collection, panda, and matplotlib and R v3.3.1 (R Core Team, 2016) scripts within the ggplot2 and plotrix libraries","https://openalex.org/A5030475841,https://openalex.org/A5012278873,https://openalex.org/A5039846752,https://openalex.org/A5045094860,https://openalex.org/A5024864467,https://openalex.org/A5075295489,https://openalex.org/A5056969160,https://openalex.org/A5061325377,https://openalex.org/A5002649530,https://openalex.org/A5041196009","Rahim Dad Brohi,Li Wang,Najla Ben Hassine,Jiang Cao,Hira Sajjad Talpur,Di Wu,Chun–Jie Huang,Zia Ur Rehman,Dinesh Bhattarai,Li‐Jun Huo","SUMO protein,Acrosome,Sperm,Cell biology,Sperm motility,Biology,Capacitation,Motility,Acrosome reaction",https://github.com/pandas-dev/pandas,,DanielGarijo,,https://github.com/pandas-dev/pandas,1
44,panda,10.1186/s13073-021-00904-z,"Other requirements: PLINK v1.9; R packages: shiny, shinyjs, DT, RSQLite, ggplot2, heatmaply, plotly, future; Python packages: panda, scipy, joblib, tqdm, sqlite","https://openalex.org/A5050576391,https://openalex.org/A5012522200,https://openalex.org/A5034504298,https://openalex.org/A5046381871,https://openalex.org/A5056639842,https://openalex.org/A5043654825,https://openalex.org/A5041138720,https://openalex.org/A5007702905,https://openalex.org/A5015577952,https://openalex.org/A5018629539,https://openalex.org/A5033033452,https://openalex.org/A5025823000,https://openalex.org/A5023687769,https://openalex.org/A5007833163,https://openalex.org/A5058776349,https://openalex.org/A5085654664","Liuyang Wang,Thomas J Balmat,Alejandro L. Antonia,Florica J. Constantine,Ricardo Henao,Thomas W. Burke,Andy Ingham,Micah T. McClain,Ephraim L. Tsalik,Emily R Ko,Geoffrey S. Ginsburg,Mark DeLong,Xiling Shen,Christopher W. Woods,Elizabeth R. Hauser,Dennis C. Ko","Genome-wide association study,Genetic architecture,Biology,Computational biology,Genetic association",https://github.com/pandas-dev/pandas,,DanielGarijo,,https://github.com/pandas-dev/pandas,1
45,panda,10.1186/s13002-019-0306-3,"panda [35] and Cirina forda have been proposed [36, 37]",https://openalex.org/A5035250807,A. van Huis,"Lepidoptera genitalia,Butterfly,Biology,Caterpillar,Ecology",https://github.com/pandas-dev/pandas,,DanielGarijo,,https://github.com/pandas-dev/pandas,1
46,pandas,10.1021/acsomega.1c00991,"All calculations were done in a Python environment using the numpy, pandas, and ase packages for basic data manipulation and structure file handling; plotting was done with matplotlib","https://openalex.org/A5063246921,https://openalex.org/A5024700821","Felix Mayr,Alessio Gagliardi","Benchmark (surveying),Fingerprint (computing),Computer science,Workflow",https://github.com/pandas-dev/pandas,,DanielGarijo,,https://github.com/pandas-dev/pandas,1
47,pandas,10.1099/acmi.0.000129,"Analysis was performed in Python, utilizing the Biopython [7]⁠ and pandas [8]⁠ libraries.","https://openalex.org/A5075617803,https://openalex.org/A5001914734,https://openalex.org/A5075853590","DJ Farrell,Joseph Crispell,Stephen V. Gordon","Mycobacterium bovis,Genome,Biology,Gene,Genetics,Reference genome,Whole genome sequencing,Mycobacterium tuberculosis,Annotation,Computational biology",https://github.com/pandas-dev/pandas,,DanielGarijo,,https://github.com/pandas-dev/pandas,1
48,pandas,10.1107/S2053273319011446,"The pairing of acentric anomalous reflections was performed by an algorithm developed in the Python programming language with the libraries cctbx, pandas, NumPy and SciPy","https://openalex.org/A5082282287,https://openalex.org/A5059803104","María-José García-Bonete,Gergely Katona","Bayesian probability,Phaser,Diffraction",https://github.com/pandas-dev/pandas,,DanielGarijo,,https://github.com/pandas-dev/pandas,1
49,pandas,10.1107/S2053273319011446,The pandas library was used to store and search among the large number of paired and unpaired reflection data obtained from the different crystals and data collection methods.,"https://openalex.org/A5082282287,https://openalex.org/A5059803104","María-José García-Bonete,Gergely Katona","Bayesian probability,Phaser,Diffraction",https://github.com/pandas-dev/pandas,,DanielGarijo,,https://github.com/pandas-dev/pandas,1
50,pandas,10.1107/S2059798317007707,"The pandas software library (http://pandas.pydata.org/) was used for statistical analyses and the mmLib library for the superimpositions of dinucleotides (Painter & Merritt, 2004 ▸)","https://openalex.org/A5040274135,https://openalex.org/A5065806622,https://openalex.org/A5080123389","Tomoko Sunami,Toshiyuki Chatake,Hidetoshi Kono","DNA,Crystallography,Electron density,Polymorphism (computer science)",https://github.com/pandas-dev/pandas,,DanielGarijo,,https://github.com/pandas-dev/pandas,1
51,pandas,10.1186/s40478-018-0574-5,"The network was generated using the python programming language (Python Software Foundation), and the networkx, numpy, and pandas python packages.","https://openalex.org/A5045188566,https://openalex.org/A5032883161,https://openalex.org/A5050556672,https://openalex.org/A5084161145,https://openalex.org/A5065701174,https://openalex.org/A5078791544,https://openalex.org/A5007396568,https://openalex.org/A5024970198,https://openalex.org/A5001742278,https://openalex.org/A5003428827,https://openalex.org/A5045906008,https://openalex.org/A5071579004","Brandon F. Maziuk,Daniel J. Apicco,Anna Lourdes Cruz,Lulu Jiang,Peter E.A. Ash,Edroaldo Lummertz da Rocha,Cheng Zhang,Wen H. Yu,John D. Leszyk,Jose F. Abisambra,Li Hu,Benjamin Wolozin","Tauopathy,Interactome,Stress granule,RNA-binding protein,Tau protein",https://github.com/pandas-dev/pandas,,DanielGarijo,,https://github.com/pandas-dev/pandas,1
52,PANDA (Pipeline for Analyzing braiN Diffusion imAges),10.3389/fncom.2021.659838,"In this study, PANDA (Pipeline for Analyzing braiN Diffusion imAges) (Cui et al., 2013), a toolkit based on MATLAB (R2009b; MathWorks) and FSL that integrates several processing steps, was used to process the data and construct the network","https://openalex.org/A5015195367,https://openalex.org/A5011477209,https://openalex.org/A5021471823,https://openalex.org/A5010117357,https://openalex.org/A5048389767,https://openalex.org/A5017998243","Qi Wang,Siwei Chen,He Wang,Luzeng Chen,Ying Sun,Yan Ge","Betweenness centrality,Centrality,Diffusion MRI,Neurology,Neuroimaging",https://github.com/pandas-dev/pandas,,DanielGarijo,,https://github.com/pandas-dev/pandas,1
53,panda,10.1371/journal.pone.0228422,1: Load the data using read_csv() function of panda library,"https://openalex.org/A5035552325,https://openalex.org/A5020643085","Md. Raihan-Al-Masud,M. Rubaiyat Hossain Mondal","Support vector machine,Artificial intelligence,Feature selection,Computer science,Machine learning,Pattern recognition (psychology),Preprocessor",https://github.com/pandas-dev/pandas,,DanielGarijo,,https://github.com/pandas-dev/pandas,1
54,panda,10.3389/fnbeh.2021.709775,"The following data analysis and visualization was performed with R (R Core Team, 2020; version 3.4.2) and Python (version 3.8), using the panda package (version 1.2.3).","https://openalex.org/A5010044381,https://openalex.org/A5058570603,https://openalex.org/A5010834901,https://openalex.org/A5058162771,https://openalex.org/A5061905139,https://openalex.org/A5064129096,https://openalex.org/A5043551203","Pia Kahnau,Anja Guenther,Marcus N. Boon,Janine Denise Terzenbach,Eric Hanitzsch,Lars Lewejohann,Vera Brust","Cognition,Cage",https://github.com/pandas-dev/pandas,,DanielGarijo,,https://github.com/pandas-dev/pandas,1
55,panda,10.3389/fcvm.2021.619386,"We used Python version 3.7 as the basic language of the whole model and call numpy, panda, sklearn, xgboost, and Matplotlib libraries to process and model the data","https://openalex.org/A5064560407,https://openalex.org/A5062802948,https://openalex.org/A5061511972,https://openalex.org/A5033739869,https://openalex.org/A5052895969,https://openalex.org/A5021948453,https://openalex.org/A5001487780,https://openalex.org/A5010254971,https://openalex.org/A5090414029,https://openalex.org/A5087757082,https://openalex.org/A5016028341,https://openalex.org/A5029444990","Dongmei Wu,Qiuju Yang,Baohua Su,Hao Jia,MA Hui-rong,Weilan Yuan,Junhui Gao,Feifei Ding,Yue Xu,Huifeng Wang,Jiangman Zhao,Bingqiang Li","Medicine,Internal medicine,Coronary artery disease,Asymptomatic,Diabetes mellitus,Risk factor,Odds ratio,Triglyceride,Cardiology",https://github.com/pandas-dev/pandas,,DanielGarijo,,https://github.com/pandas-dev/pandas,1
56,panda,10.3389/fphys.2017.00354,"Bio-analysis was performed under Ubuntu 16.04 LTS Docker image (Hung et al., 2016) within a custom Python (Python Software Foundation, 2015) scripts using the packages biopython, pyexcel, csv, collection, panda, and matplotlib and R v3.3.1 (R Core Team, 2016) scripts within the ggplot2 and plotrix libraries","https://openalex.org/A5030475841,https://openalex.org/A5012278873,https://openalex.org/A5039846752,https://openalex.org/A5045094860,https://openalex.org/A5024864467,https://openalex.org/A5075295489,https://openalex.org/A5056969160,https://openalex.org/A5061325377,https://openalex.org/A5002649530,https://openalex.org/A5041196009","Rahim Dad Brohi,Li Wang,Najla Ben Hassine,Jiang Cao,Hira Sajjad Talpur,Di Wu,Chun–Jie Huang,Zia Ur Rehman,Dinesh Bhattarai,Li‐Jun Huo","SUMO protein,Acrosome,Sperm,Cell biology,Sperm motility,Biology,Capacitation,Motility,Acrosome reaction",https://github.com/pandas-dev/pandas,,DanielGarijo,,https://github.com/pandas-dev/pandas,1
57,panda,10.1186/s13073-021-00904-z,"Other requirements: PLINK v1.9; R packages: shiny, shinyjs, DT, RSQLite, ggplot2, heatmaply, plotly, future; Python packages: panda, scipy, joblib, tqdm, sqlite","https://openalex.org/A5050576391,https://openalex.org/A5012522200,https://openalex.org/A5034504298,https://openalex.org/A5046381871,https://openalex.org/A5056639842,https://openalex.org/A5043654825,https://openalex.org/A5041138720,https://openalex.org/A5007702905,https://openalex.org/A5015577952,https://openalex.org/A5018629539,https://openalex.org/A5033033452,https://openalex.org/A5025823000,https://openalex.org/A5023687769,https://openalex.org/A5007833163,https://openalex.org/A5058776349,https://openalex.org/A5085654664","Liuyang Wang,Thomas J Balmat,Alejandro L. Antonia,Florica J. Constantine,Ricardo Henao,Thomas W. Burke,Andy Ingham,Micah T. McClain,Ephraim L. Tsalik,Emily R Ko,Geoffrey S. Ginsburg,Mark DeLong,Xiling Shen,Christopher W. Woods,Elizabeth R. Hauser,Dennis C. Ko","Genome-wide association study,Genetic architecture,Biology,Computational biology,Genetic association",https://github.com/ZaixuCui/PANDA,,DanielGarijo,,https://github.com/ZaixuCui/PANDA,1
58,PANDA,10.18632/aging.102901,"ucl.ac.uk/spm/software/spm12) running on MATLAB version 2016b, the PANDA toolbox (https://www.nitrc","https://openalex.org/A5048455627,https://openalex.org/A5017468786,https://openalex.org/A5035796732,https://openalex.org/A5040897654,https://openalex.org/A5030034440,https://openalex.org/A5052836448,https://openalex.org/A5044626751,https://openalex.org/A5073568638","Cui Zhao,Ying Liang,Ting Cui,Yihua Zhong,Xianglong Li,Jing Wei,Chunlin Li,Xu Zhang","White matter,Cognition,White (mutation)",https://github.com/ZaixuCui/PANDA,,DanielGarijo,,https://github.com/ZaixuCui/PANDA,1
59,PANDA,10.18632/aging.102023,"The preprocessing of diffusion-weighted images was performed using the functional magnetic resonance imaging of the brain (FMRIB) Software Library in Version 5.0 (FSL, [65]), diffusion toolkit [66], and PANDA [67].","https://openalex.org/A5007477535,https://openalex.org/A5024646528,https://openalex.org/A5025660060,https://openalex.org/A5062169644","Junhua Li,Rafael Romero-García,John Suckling,Lei Feng","Default mode network,Neuroimaging,Neuropsychology,Functional connectivity",https://github.com/ZaixuCui/PANDA,,DanielGarijo,,https://github.com/ZaixuCui/PANDA,1
60,PANDA,10.14336/AD.2019.0929,Deterministic tractography was performed using the FACT (Fiber Assignment by Continuous Tracking) algorithm in PANDA (www.nitrc.org/projects/panda; version 1.3.1) [33] and ended at voxels with FA < 0.2 or a tract turning angle of < 45˚ [34],"https://openalex.org/A5082176912,https://openalex.org/A5000253414,https://openalex.org/A5049845572,https://openalex.org/A5090178654,https://openalex.org/A5054816249,https://openalex.org/A5004614278,https://openalex.org/A5064987033,https://openalex.org/A5031377834,https://openalex.org/A5060367640,https://openalex.org/A5066059785","Mengsha Yao,Liche Zhou,Yuyan Tan,Hong Jiang,Zhi‐Chun Chen,Lin Zhu,Ningdi Luo,WU Quan-zhou,Wenyan Kang,Jun Liu","Insula,Gait,Medicine,Supplementary motor area,Berg Balance Scale,Physical medicine and rehabilitation,Parkinson's disease,Superior frontal gyrus,Fractional anisotropy",https://github.com/ZaixuCui/PANDA,,DanielGarijo,,https://github.com/ZaixuCui/PANDA,1
61,PANDA,10.1186/s13195-018-0413-8,We carried out probabilistic fiber tractography on these seeds using the DTI analysis software PANDA (Additional file 1: Figure S2),"https://openalex.org/A5010510030,https://openalex.org/A5002618180,https://openalex.org/A5089330380,https://openalex.org/A5063016255,https://openalex.org/A5074546490,https://openalex.org/A5023358053,https://openalex.org/A5050763071,https://openalex.org/A5008989080,https://openalex.org/A5022789521,https://openalex.org/A5032992099","Ashwati Vipin,Yng Miin Loke,Siwei Liu,Saima Hilal,Hee Youn Shim,Xin Xu,Boon Yeow Tan,Narayanaswamy Venketasubramanian,Christopher Chen,Juan Zhou","Default mode network,Neuroscience,Psychology,Functional magnetic resonance imaging",https://github.com/ZaixuCui/PANDA,,DanielGarijo,,https://github.com/ZaixuCui/PANDA,1
62,PANDA,10.1186/1471-2105-9-182,The PANDA sequences that are labeled as predicted proteins (i.e,"https://openalex.org/A5015513138,https://openalex.org/A5027145422,https://openalex.org/A5028284504","Shibu Yooseph,Weizhong Li,Granger Sutton","Metagenomics,Cluster analysis,Computational biology,Identification (biology),Biology",https://github.com/ZaixuCui/PANDA,,DanielGarijo,,https://github.com/ZaixuCui/PANDA,1
63,PANDA,10.1186/1471-2105-9-182,"Of these 2,464,046 sequences, 1,528,382 (62%) are marked as redundant, with 1,353,885 (55%) being marked as redundant by existing cd-hit representatives in the CAMERA clusters and the remaining being marked as redundant by other PANDA sequences","https://openalex.org/A5015513138,https://openalex.org/A5027145422,https://openalex.org/A5028284504","Shibu Yooseph,Weizhong Li,Granger Sutton","Metagenomics,Cluster analysis,Computational biology,Identification (biology),Biology",https://github.com/ZaixuCui/PANDA,,DanielGarijo,,https://github.com/ZaixuCui/PANDA,1
64,activity,10.3390/ani9121071,"Thus, we fitted non-parametric circular kernel density models using the packages “activity” (Version 1.1) and “overlap” (Version 0.3.2) [72,73], in the statistical software R (version 3.6.1) [74]","https://openalex.org/A5027431199,https://openalex.org/A5071393763,https://openalex.org/A5028710085,https://openalex.org/A5026397262,https://openalex.org/A5021384155,https://openalex.org/A5088579118","Yixin Chen,Zhishu Xiao,Long Zhang,Xinwen Wang,Ming Li,Zuofu Xiang","Rhythm,Ecology",https://cran.r-project.org/package=activity,https://cran.r-project.org/web/packages/activity/,DanielGarijo,,https://cran.r-project.org/package=activity,1
65,activity,10.3390/ani11020562,"For each pairwise comparison between species, an additional bootstrap analysis was performed to estimate the probability that two sets of circular observations belonged to the same distribution, using the package activity [17] in R 3.5.1","https://openalex.org/A5071805493,https://openalex.org/A5008211255,https://openalex.org/A5004876361,https://openalex.org/A5029572169,https://openalex.org/A5012083028,https://openalex.org/A5024847509,https://openalex.org/A5017168743,https://openalex.org/A5007272602","Andrea Viviano,Emiliano Mori,Niccolò Fattorini,Giuseppe Mazza,Lorenzo Lazzeri,Alessandra Panichi,Luigi Strianese,Walid Fathy Mohamed","Capreolus,Vulpes,Roe deer,Predation,Marten,Interspecific competition,Ecology,Biology",https://cran.r-project.org/package=activity,https://cran.r-project.org/web/packages/activity/,DanielGarijo,,https://cran.r-project.org/package=activity,1
66,activity,10.1186/s12870-015-0666-3,Results This report demonstrates that a respiration activity-monitoring system (RAMOS) can identify compounds with defense priming-inducing activity in parsley cell suspension in culture,"https://openalex.org/A5055864066,https://openalex.org/A5012890554,https://openalex.org/A5024967009,https://openalex.org/A5024060286,https://openalex.org/A5033821495,https://openalex.org/A5040992188,https://openalex.org/A5022603631","Jana Viola Schilling,Britta Schillheim,Stefan Mahr,Yannik Reufer,Sandi Sanjoyo,Uwe Conrath,Jochen Büchs","Elicitor,Biology,Salicylic acid,Priming (agriculture),Systemic acquired resistance,Plant defense against herbivory,Abiotic component,Plant cell",https://cran.r-project.org/package=activity,,DanielGarijo,,https://cran.r-project.org/package=activity,1
67,activity,10.1371/journal.pone.0256876,We used the function compareCkern in package activity [52] to test whether activity patterns were significantly different for the same species across different sites; for different species at the same site; and between males and females of the same species at the same site (for lion and leopard only).,"https://openalex.org/A5063845595,https://openalex.org/A5068437936,https://openalex.org/A5002512409,https://openalex.org/A5016989139,https://openalex.org/A5024099614,https://openalex.org/A5032169337,https://openalex.org/A5062119084,https://openalex.org/A5080860518,https://openalex.org/A5082902541","Charlotte E. Searle,Josephine Smit,Jeremy J. Cusack,Paolo Strampelli,A. Grau,Lameck Mkuburo,David W. Macdonald,Andrew J. Loveridge,Amy Dickman","Panthera,Leopard,Carnivore,Guild,Crocuta crocuta,Ecology,Sympatric speciation",https://cran.r-project.org/package=activity,https://cran.r-project.org/web/packages/activity/,DanielGarijo,,https://cran.r-project.org/package=activity,1
68,activity,10.1038/s41598-021-99341-6,We plotted the activity patterns of each species using a von Mises kernel using the package activity in R version 4.0.2,"https://openalex.org/A5081330676,https://openalex.org/A5017686500,https://openalex.org/A5051640150,https://openalex.org/A5060207186,https://openalex.org/A5060221612,https://openalex.org/A5034380720,https://openalex.org/A5079436360,https://openalex.org/A5060955135,https://openalex.org/A5070122550,https://openalex.org/A5059213759","Miyabi Nakabayashi,Tomoko Kanamori,Aoi Matsukawa,Joseph Tangah,Augustine Tuuga,Peter Malim,Henry Bernard,Abdul Hamid Ahmad,Ikki Matsuda,Goro Hanya","Sympatric speciation,Carnivore,Nocturnal,Threatened species,Niche differentiation,Biology,Ecology",https://cran.r-project.org/package=activity,https://cran.r-project.org/web/packages/activity/,DanielGarijo,,https://cran.r-project.org/package=activity,1
69,sets,10.1186/s12859-018-2557-8,"The NIPTeR package requires R 3.1.0 or higher, the stats and sets packages as available on CRAN, and the RSamtools and S4Vectors Bioconductor packages.","https://openalex.org/A5076310194,https://openalex.org/A5079006873,https://openalex.org/A5038635167,https://openalex.org/A5018732365,https://openalex.org/A5028952389,https://openalex.org/A5081115482,https://openalex.org/A5059939296,https://openalex.org/A5052368642","Lennart Johansson,Hendrik A de Weerd,Eddy N. de Boer,Freerk van Dijk,Gerard J. te Meerman,Rolf H. Sijmons,Birgit Sikkema‐Raddatz,Morris A. Swertz","Computer science,Trisomy,Workflow",https://cran.r-project.org/package=sets,,DanielGarijo,,https://cran.r-project.org/package=sets,1
70,Rhino,10.1186/s41205-017-0024-1,"Quick training: Fundamental knowledge for utilizing the parametric model was provided in a one-on-one tutorial, including viewport navigation, poly-line drawing in Rhino and object setting in Grasshopper","https://openalex.org/A5020416121,https://openalex.org/A5073436917","Jianyou Li,Hiroya Tanaka","CAD,Parametric statistics,Workflow,Parametric design,Computer science,Process (computing)",https://www.rhino3d.com/,,DanielGarijo,Website,https://www.rhino3d.com/,1
71,Rhino,10.1186/s41205-017-0024-1,"Moreover, its algorithm plug-in, Grasshopper 3D, is a widespread Visual Programming Language among parametric modeling tools [31–34], and it is complementary to the flexible property of Rhino 3D","https://openalex.org/A5020416121,https://openalex.org/A5073436917","Jianyou Li,Hiroya Tanaka","CAD,Parametric statistics,Workflow,Parametric design,Computer science,Process (computing)",https://www.rhino3d.com/,,DanielGarijo,Website,https://www.rhino3d.com/,1
72,Rhino,10.1186/s41205-017-0024-1,"In the steps described below, we utilized Rhino 3D to simulate the modeling sequence directly and transferred it to an automatic parametric model via the corresponding components (graphic icon showing the program command) in Grasshopper 3D.","https://openalex.org/A5020416121,https://openalex.org/A5073436917","Jianyou Li,Hiroya Tanaka","CAD,Parametric statistics,Workflow,Parametric design,Computer science,Process (computing)",https://www.rhino3d.com/,,DanielGarijo,Website,https://www.rhino3d.com/,1
73,Rhino,10.1186/s41205-017-0024-1,"All menu, toolbars and panels in the Rhino interface were removed, and only 4 viewports and the Lines tool are required for clinician to draw a quadrangle and evaluate the model state visually (Fig. 9a)","https://openalex.org/A5020416121,https://openalex.org/A5073436917","Jianyou Li,Hiroya Tanaka","CAD,Parametric statistics,Workflow,Parametric design,Computer science,Process (computing)",https://www.rhino3d.com/,,DanielGarijo,Website,https://www.rhino3d.com/,1
74,Rhino,10.1186/s41205-017-0024-1,"Then, the computer-based tutorial was provided one-on-one, and the necessary operational knowledge of the Rhino and Grasshopper programs was summarized as the following points:","https://openalex.org/A5020416121,https://openalex.org/A5073436917","Jianyou Li,Hiroya Tanaka","CAD,Parametric statistics,Workflow,Parametric design,Computer science,Process (computing)",https://www.rhino3d.com/,,DanielGarijo,Website,https://www.rhino3d.com/,1
75,Rhino,10.1186/s41205-017-0024-1,"Basic viewport navigation in Rhino: The viewpoint operations include: zoom in/out, rotate view, pan move and switch viewport","https://openalex.org/A5020416121,https://openalex.org/A5073436917","Jianyou Li,Hiroya Tanaka","CAD,Parametric statistics,Workflow,Parametric design,Computer science,Process (computing)",https://www.rhino3d.com/,,DanielGarijo,Website,https://www.rhino3d.com/,1
76,rhino,10.1038/s41598-017-07644-4,"Thereafter, a rhino script was developed which simulated the femoral movement until a collision occurred between the components or bones following the rotation through the medial-lateral axis","https://openalex.org/A5059801369,https://openalex.org/A5071601723,https://openalex.org/A5052801163,https://openalex.org/A5050306223,https://openalex.org/A5026110715","Arnab Palit,Mark A. Williams,Glen A. Turley,Tobias Renkawitz,Markus Weber","Range of motion,Femur,Medicine,Implant",https://www.rhino3d.com/,,DanielGarijo,Website,https://www.rhino3d.com/,1
77,Rhinoceros,10.1186/s41205-019-0048-9,"Non-anatomical geometries were designed on the 3D computer graphics and computer-aided design application software Rhinoceros, Robert McNeel & Associates, Educational edition, version 4.0","https://openalex.org/A5054244029,https://openalex.org/A5055760543,https://openalex.org/A5012687061,https://openalex.org/A5022182240,https://openalex.org/A5074818367","Ruth G Nagassa,Paul G. McMenamin,Justin W. Adams,Michelle R. Quayle,Jeffrey V. Rosenfeld","Aneurysm,Middle cerebral artery,3d printed",https://www.rhino3d.com/,,DanielGarijo,Website,https://www.rhino3d.com/,1
78,Rhinoceros,10.1186/s41205-018-0027-6,"After import into Rhinoceros 3D, the scanned limb model must be manually placed along X-axis of the software coordinate system with the palm facing up/down, as depicted in Fig. 4(a)","https://openalex.org/A5020416121,https://openalex.org/A5073436917","Jianyou Li,Hiroya Tanaka","Splints,Computer science,3D printing,Splint (medicine),Process (computing),Finite element method",https://www.rhino3d.com/,,DanielGarijo,Website,https://www.rhino3d.com/,1
79,Rhinoceros,10.1186/s41205-021-00104-w,"Versions 1.0 and 2.0 were designed using the software Rhinoceros (Robert McNeel and Associates, Seattle, WA, USA) and made using digital fabrication technologies (3D printer Ultimaker 2+ and laser cutter GCC) in the OpenDot (Milano, Italy) laboratory.","https://openalex.org/A5021755357,https://openalex.org/A5023844452,https://openalex.org/A5089825270,https://openalex.org/A5007617531,https://openalex.org/A5035866965","Alessandro Terrani,Enrico Bassi,Alberto Ornaghi,Giacomo Bellani,Giuseppe Foti",3D printing,https://www.rhino3d.com/,,DanielGarijo,Website,https://www.rhino3d.com/,1
80,Rhinoceros,10.1208/s12249-018-1233-7,"Prior to the printing step, the 3D models were designed in Rhinoceros (version 4.0)","https://openalex.org/A5003836609,https://openalex.org/A5020376860,https://openalex.org/A5068782828,https://openalex.org/A5004789329,https://openalex.org/A5090119989,https://openalex.org/A5009020186,https://openalex.org/A5042773643","Heidi Öblom,Jiaxiang Zhang,Manjeet B. Pimparade,Isabell Speer,Maren Preis,Michael A. Repka,Niklas Sandler","3d printed,Extrusion,Isoniazid,Dosage form,Materials science",https://www.rhino3d.com/,,DanielGarijo,Website,https://www.rhino3d.com/,1
81,Rhinoceros,10.1063/1.5132929,The photomask design was created using the software Rhinoceros 4.0 (Robert McNeel & Associates),"https://openalex.org/A5072614875,https://openalex.org/A5068867473,https://openalex.org/A5042917780,https://openalex.org/A5059154805,https://openalex.org/A5003527421","Yu Kasahara,Yusuke Sato,Marcos K. Masukawa,Yuko Okuda,Masahiro Takinoue","Self-healing hydrogels,DNA,Biomolecule,Nanotechnology,DNA origami,Materials science,DNA nanotechnology,Nanostructure",https://www.rhino3d.com/,,DanielGarijo,Website,https://www.rhino3d.com/,1
82,Rhinos,10.3390/ma13245609,"The steps involve in selecting the organ of interest to be printed; scanning (X-ray, MRI or CT scan); creating graphics (Bio-CAD or Med-CAD); use of Rhinos software for modelling geometry and printing with cell types from the organ of interest [125]","https://openalex.org/A5055513801,https://openalex.org/A5040357722","Dasharatham G. Janagama,Hui Song","Organoid,Bone marrow,Mesenchymal stem cell,Cancer,Stem cell,Haematopoiesis",https://www.rhino3d.com/,,DanielGarijo,Website,https://www.rhino3d.com/,1
83,RHINOCEROS,10.1186/s12903-021-01450-1,"CBCT scans before root canal preparation were used to create a 3D reconstruction with RHINOCEROS 5.0 software to assess the initial canal volume, and then compared with 3D reconstructions after canal preparation to measure the increase in canal volume","https://openalex.org/A5009180164,https://openalex.org/A5091050020,https://openalex.org/A5049743435,https://openalex.org/A5090512982,https://openalex.org/A5055539520,https://openalex.org/A5069537245,https://openalex.org/A5024387206,https://openalex.org/A5068257211,https://openalex.org/A5031989394,https://openalex.org/A5063364856","Javier Caviedes-Bucheli,Néstor Ríos-Osorio,Diana Usme,Cristian Jimenez,Adriana Pinzon,Jorge Rincón,María Mercedes Azuero-Holguín,Álvaro Zubizarreta-Macho,Jose Francisco Gomez-Sosa,Hugo Roberto Muñoz","Root canal,Dentistry,Medicine,Orthodontics",https://www.rhino3d.com/,,DanielGarijo,Website,https://www.rhino3d.com/,1
84,RHINOCEROS,10.3390/dj8010001,"Obtaining the patient’s CAT scan, the extraction of the individual images, and the three-dimensional reconstruction of the patient’s periodontal pocket was carried out using RHINOCEROS 6.0 SR10 (6.10.18242.16.581) software in WINDOWS 10_x64 2016 ENTERPRISE LTSB environment with HP hardware (workstation Z240).","https://openalex.org/A5004294648,https://openalex.org/A5017742649,https://openalex.org/A5028150250","Luca Levrini,L. Paracchini,M. Nosotti",,https://www.rhino3d.com/,,DanielGarijo,Website,https://www.rhino3d.com/,1
85,Spliced Transcripts Alignment to Reference,10.7717/peerj.5759,Sequences were aligned to the equine genome with Spliced Transcripts Alignment to Reference software,"https://openalex.org/A5074001179,https://openalex.org/A5056307228,https://openalex.org/A5027995244","Laurence Tessier,Olivier Côté,Dorothee Bienzle","Sanger sequencing,Ensembl,Biology,Genetics,Sequence analysis",https://github.com/alexdobin/STAR,,JelenaDjuric,,https://github.com/alexdobin/STAR,1
86,R package STAR,10.1016/j.cub.2019.09.005,Reads from the RNA-sequencing experiments provided as raw fastq data were quality controlled and mapped to the M. truncatula reference genome version 4.0 (Mt4.0v1) [70] using R package STAR [61],"https://openalex.org/A5019330809,https://openalex.org/A5004606083,https://openalex.org/A5046964118,https://openalex.org/A5032540563,https://openalex.org/A5037051244,https://openalex.org/A5059141693,https://openalex.org/A5069643039,https://openalex.org/A5047139329,https://openalex.org/A5002054972,https://openalex.org/A5041355825,https://openalex.org/A5003679682,https://openalex.org/A5062304588,https://openalex.org/A5068484674,https://openalex.org/A5023714747,https://openalex.org/A5015269349","Katharina Schiessl,Jodi L. Stewart Lilley,Tak Lee,Ioannis Tamvakis,Wouter Kohlen,Paul Bailey,Aaron Thomas,Jakub Lupták,Ramakrishnan Karunakaran,Matthew D. Carpenter,Kirankumar S. Mysore,Jiangqi Wen,Sebastian E. Ahnert,Verônica A. Grieneisen,Giles Oldroyd","Biology,Medicago truncatula,Lateral root,Symbiosis,Root nodule,Auxin,Cytokinin,Root hair,Nod factor,Lotus japonicus,Rhizobia,Nodule (geology),Cell biology",https://github.com/alexdobin/STAR,,JelenaDjuric,,https://github.com/alexdobin/STAR,1
87,STAR,10.1186/s13568-020-01170-9,Sequences were aligned using STAR (Dobin et al,"https://openalex.org/A5087399579,https://openalex.org/A5014968407,https://openalex.org/A5088842425,https://openalex.org/A5001590873,https://openalex.org/A5086019850","B. G. Paes,Andrei Stecca Steindorff,Eduardo Fernandes Formighieri,Ildinete Silva Pereira,J. R. M. de Almeida","Pichia pastoris,Yeast,Hydrolysate,Biochemistry,Furfural",https://github.com/alexdobin/STAR,,JelenaDjuric,,https://github.com/alexdobin/STAR,1
88,STAR,10.1063/5.0054639,"Analysis was conducted using STAR, R, DeSeq2, and python software.","https://openalex.org/A5086782018,https://openalex.org/A5059609053,https://openalex.org/A5032272935,https://openalex.org/A5075875989,https://openalex.org/A5064632542,https://openalex.org/A5064900633,https://openalex.org/A5003559800,https://openalex.org/A5086699418,https://openalex.org/A5067042085,https://openalex.org/A5039405858","Evan L. Teng,Evan Masutani,Benjamin Yeoman,Jessica Fung,Rachel Lian,Brenda Ngo,Aditya Kumar,Jesse K. Placone,Valentina Lo Sardo,Adam J. Engler","Haplotype,Biology,Single-nucleotide polymorphism",https://github.com/alexdobin/STAR,,JelenaDjuric,,https://github.com/alexdobin/STAR,1
89,STAR,10.1177/1759091415593066,"Reads were aligned with the STAR (Dobin et al., 2013) aligner with the additional options (–outFilterMatchNmin 30 –outFilterMismatchNmax 5 –outFilterMismatchNoverLmax 0.05 –outFilterMultimapNmax 50)","https://openalex.org/A5060654388,https://openalex.org/A5018900180","Frédéric Lebrun-Julien,Ueli Suter","HDAC1,Neuroprotection,Histone deacetylase 2,Cell biology,Acetylation,Retinal ganglion cell,Biology,Histone deacetylase",https://github.com/alexdobin/STAR,,JelenaDjuric,,https://github.com/alexdobin/STAR,1
90,STAR,10.1177/1759091419843393,"All RNA reads were first mapped to the mouse (GRCm38) reference genome using STAR v2.5.2b release with default parameters (Dobin et al., 2013)","https://openalex.org/A5038564038,https://openalex.org/A5081364865,https://openalex.org/A5050095889,https://openalex.org/A5014473848,https://openalex.org/A5081683884,https://openalex.org/A5006838633,https://openalex.org/A5054110947,https://openalex.org/A5053781253","Miriam S. Domowicz,Wen-Ching Chan,Patricia Claudio-Vázquez,Judith Henry,Christopher B. Ware,Jorge Andrade,Glyn Dawson,Nancy B. Schwartz","Forebrain,Biology,Transcriptome,Downregulation and upregulation,Cerebellum",https://github.com/alexdobin/STAR,,JelenaDjuric,,https://github.com/alexdobin/STAR,1
91,STAR,10.1107/S2059798321001856,"Starting with RELION version 3.1, information about optics groups has been added as a second data table to STAR files","https://openalex.org/A5026727795,https://openalex.org/A5060770584,https://openalex.org/A5089155180,https://openalex.org/A5089413306","Grigory Sharov,Dustin R. Morado,Marta Carroni,J.M. de la Rosa-Trevín","Plug-in,Computer science,Software,Modular design,Pipeline (software),Flexibility (engineering),Software engineering,Key (lock)",https://github.com/alexdobin/STAR,,JelenaDjuric,,https://github.com/alexdobin/STAR,1
92,STAR package,10.1186/s12920-021-01041-7,Read quantification was conducted and aligned to the GENCODE v28 (HG38) reference genome using STAR package [16],"https://openalex.org/A5041038540,https://openalex.org/A5001347503,https://openalex.org/A5046682255,https://openalex.org/A5064124612,https://openalex.org/A5006598488,https://openalex.org/A5006726610,https://openalex.org/A5037750455,https://openalex.org/A5086034125","Ranjit S. Pelia,Suresh Venkateswaran,Jonathan Matthews,Yael Haberman,David J. Cutler,Jeffrey S. Hyams,Lee A. Denson,Subra Kugathasan","Non-coding RNA,Inflammatory bowel disease,Disease,Epigenetics,Biology,Fold change",https://github.com/alexdobin/STAR,,JelenaDjuric,,https://github.com/alexdobin/STAR,1
93,STAR package,10.1186/s13059-021-02364-5,"In brief, STARsolo from STAR package v2.7.5c [14] and Cell Ranger v2.1.1 and scSNV were limited to at most 24 threads","https://openalex.org/A5082524303,https://openalex.org/A5035902940,https://openalex.org/A5056959902,https://openalex.org/A5040890688","Gavin Wilson,Mathieu Derouet,Gail Darling,Jonathan C. Yeung","Biology,Computational biology,RNA-Seq,Human genetics,Pipeline (software)",https://github.com/alexdobin/STAR,,JelenaDjuric,,https://github.com/alexdobin/STAR,1
94,star,10.1111/acel.12739,"Illumina sequencing reads were mapped to the annotated Mlig_3_7 genome assembly (Wudarski et al., 2017) using star v.2.5.2b (Dobin et al., 2013) in the transcriptome quantification mode with following parameters “–outFilterMultimapNmax 30 –outFilterMismatchNmax 5 –quantMode TranscriptomeSAM.” To generate read counts for transcript clusters, the resulting bam files were processed by Corset v.1.06 (Davidson & Oshlack, 2014)","https://openalex.org/A5013933341,https://openalex.org/A5054508383,https://openalex.org/A5016131726,https://openalex.org/A5050979301,https://openalex.org/A5008179774","Stijn Mouton,Magda Grudniewska,Lisa Glazenburg,Victor Guryev,Eugène Berezikov","Flatworm,Biology,Regeneration (biology),Germline,Caenorhabditis elegans",https://github.com/alexdobin/STAR,,JelenaDjuric,,https://github.com/alexdobin/STAR,1
95,star,10.1111/acel.12739,"Annotated genomes were retrieved from Ensembl, and RNA‐seq data were mapped and quantified using star v.2.5.2b (Dobin et al., 2013).","https://openalex.org/A5013933341,https://openalex.org/A5054508383,https://openalex.org/A5016131726,https://openalex.org/A5050979301,https://openalex.org/A5008179774","Stijn Mouton,Magda Grudniewska,Lisa Glazenburg,Victor Guryev,Eugène Berezikov","Flatworm,Biology,Regeneration (biology),Germline,Caenorhabditis elegans",https://github.com/alexdobin/STAR,,JelenaDjuric,,https://github.com/alexdobin/STAR,1
96,star,10.1186/s13015-016-0068-6,"Suffix arrays are used in such programs as segemehl [3], last [4], mummer [5], reputer [6], star [7], and as an initial stage in recent versions of gsnap [8], which also employs hash tables for more complex alignments.",https://openalex.org/A5022934719,Thomas D. Wu,"Suffix array,Compressed suffix array,Computer science,Search engine indexing,String (physics),Byte,Suffix,Generalized suffix tree,Genome,Character (mathematics)",https://github.com/alexdobin/STAR,,JelenaDjuric,,https://github.com/alexdobin/STAR,1
97,star,10.1186/s12885-017-3237-1,Raw fastq files were obtained for each sample and aligned to the Homo sapiens reference using star [12],"https://openalex.org/A5031509981,https://openalex.org/A5040171040,https://openalex.org/A5033135467,https://openalex.org/A5057679820,https://openalex.org/A5006599402,https://openalex.org/A5030413393,https://openalex.org/A5075717157,https://openalex.org/A5010230522,https://openalex.org/A5056796466,https://openalex.org/A5032756469,https://openalex.org/A5072853514","Bojana Jovanović,Quanhu Sheng,Robert S. Seitz,Kasey Lawrence,Stephan W. Morris,Lance R. Thomas,David R. Hout,Brock L. Schweitzer,Yan Guo,Jennifer A. Pietenpol,Brian D. Lehmann","Subtyping,Triple-negative breast cancer,Concordance,Breast cancer,RNA,Biology",https://github.com/alexdobin/STAR,,JelenaDjuric,,https://github.com/alexdobin/STAR,1
98,star,10.1186/s12920-021-01022-w,"After quality control and trimming, the reads were mapped to the human genome (ENSEMBL-grch38release 91) using the star version 2.5.2a aligner and gene abundance was estimated with python version 2.7.11, and htseq version 0.11.0","https://openalex.org/A5026065810,https://openalex.org/A5006823789,https://openalex.org/A5039806235,https://openalex.org/A5087254915,https://openalex.org/A5048325890","Johanna Bensalel,Hongyuan Xu,Michael L. Lu,Enrico Capobianco,Jianning Wei","Biology,Huntingtin,Transcriptome,Gene,Genetics",https://github.com/alexdobin/STAR,,JelenaDjuric,,https://github.com/alexdobin/STAR,1
99,star,10.1099/mgen.0.000319,"grubii H99 (CNA3, GCA_000149245.3) [22] or Bt85 (Cryp_neof_Bt85_V1, GCA_002215835.1) [16] genome using star (v 2.5.3a) [23] for RNA-Seq mapping, following ‘Alternate Protocol 7’ for star alignment with transcript coordinate output and with rsem (v1.2.31) quantification [24]","https://openalex.org/A5061166006,https://openalex.org/A5045483608,https://openalex.org/A5070261986,https://openalex.org/A5061409450,https://openalex.org/A5050057628,https://openalex.org/A5007747543,https://openalex.org/A5089720853,https://openalex.org/A5028777325,https://openalex.org/A5009421399","Yu Chen,Chen Yuan,Christopher A. Desjardins,Jennifer L. Tenor,Dena L. Toffaletti,Charles Giamberardino,Anastasia P. Litvintseva,John R. Perfect,Christina A. Cuomo","Biology,Cryptococcus neoformans,Gene expression,Gene,Transcriptome,Pathogenic fungus",https://github.com/alexdobin/STAR,,JelenaDjuric,,https://github.com/alexdobin/STAR,1
100,STAR RNA-seq aligner package,10.1371/journal.pone.0239938,taurus UMD 3.1.1) [35] obtained from Ensembl [36] using the STAR RNA-seq aligner package (version 2.5.3a) [37],"https://openalex.org/A5045187716,https://openalex.org/A5020426067,https://openalex.org/A5043932347,https://openalex.org/A5076034149,https://openalex.org/A5076515072,https://openalex.org/A5007656234","Jayne E Wiarda,Paola M. Boggiatto,Darrell O. Bayles,W. Ray Waters,Tyler C. Thacker,Mitchell V. Palmer","Biology,Mycobacterium bovis,Immune system,Innate immune system,Transcriptome,Tuberculosis,Immunology,Disease",https://github.com/alexdobin/STAR,,JelenaDjuric,,https://github.com/alexdobin/STAR,1
101,DNA STAR package,10.1186/1471-2148-14-143,"Forward and reverse sequences were assembled and edited with SeqMan (DNA STAR package; DNAStar Inc., Madison, WI, USA).","https://openalex.org/A5058116055,https://openalex.org/A5031893234,https://openalex.org/A5015153358,https://openalex.org/A5046455591,https://openalex.org/A5045479445,https://openalex.org/A5079652183,https://openalex.org/A5065182819","Qing Cai,R. E. Tulloss,Li Tang,Tolgor Bau,Ping Zhang,Zuo H. Chen,Zhu L. Yang","Biology,Monophyly,Synapomorphy,Biogeography,Phylogenetic tree",https://www.dnastar.com/,,JelenaDjuric,Website,https://www.dnastar.com/,1
102,DNA STAR package,10.3897/phytokeys.96.23470,"Sequences were assembled and edited with SeqMan (DNA STAR package; DNA StarInc., Madison, WI, USA), aligned by Bio Edit (Hall 1999) and adjusted manually where necessary","https://openalex.org/A5019857507,https://openalex.org/A5088282123,https://openalex.org/A5023231396,https://openalex.org/A5060654286,https://openalex.org/A5004551670,https://openalex.org/A5043818829,https://openalex.org/A5054476231","Morigengaowa,Jianxun Luo,R. Knapp,Hong‐Jin Wei,Baodong Liu,Yue‐Hong Yan,Hui Shang","Herbarium,Synonym (taxonomy),DNA barcoding,Morphology (biology),Biology,Phylogenetic tree",https://www.dnastar.com/,,JelenaDjuric,Website,https://www.dnastar.com/,1
103,DNA STAR package,10.1371/journal.pone.0026543,Neighbor Joining (NJ) tree were constructed using ClustalX protocol from the DNA STAR package,"https://openalex.org/A5016789606,https://openalex.org/A5082550238,https://openalex.org/A5023202017,https://openalex.org/A5055158439,https://openalex.org/A5058098434,https://openalex.org/A5019521298","Daniela Häming,Marcos Simões-Costa,Benjamin R. Uy,Jonathan E. Valencia,Tatjana Sauka‐Spengler,Marianne Bronner‐Fraser","Lamprey,Neural crest,Biology,Vertebrate,Neural tube,Neuroscience,Chordate,Anatomy",https://www.dnastar.com/,,JelenaDjuric,Website,https://www.dnastar.com/,1
104,DNA STAR package,10.1371/journal.pone.0175338,"Forward and reverse sequence chromatograms at each locus were assembled and checked for signal quality using SeqMan (DNA STAR package, DNAStar Inc., Madison, WI, USA)","https://openalex.org/A5072657352,https://openalex.org/A5089038469,https://openalex.org/A5073118453,https://openalex.org/A5010802601","Aisuo Wang,David Gopurenko,Hanwen Wu,Brendan J. Lepschi","Biology,DNA barcoding,Invasive species,Weed",https://www.dnastar.com/,,JelenaDjuric,Website,https://www.dnastar.com/,1
105,DNA STAR package,10.3390/ijms13078740,"Sequences were assembled and edited using SeqMan (DNA STAR package, DNAStar Inc., Madison, WI, USA)","https://openalex.org/A5085352453,https://openalex.org/A5045326231,https://openalex.org/A5028652883,https://openalex.org/A5002089892","Jie Liu,Jim Provan,Lian‐Ming Gao,De-Zhui Li","Indel,DNA barcoding,Biology,Population,Sampling (signal processing),Taxon,Evolutionary biology,Monophyly",https://www.dnastar.com/,,JelenaDjuric,Website,https://www.dnastar.com/,1
106,Spliced Transcripts Alignment to a Reference (STAR),10.1186/s40478-018-0519-z,Sequencing raw reads were mapped to the Ensemble RN5 genome with Spliced Transcripts Alignment to a Reference (STAR) software (version 2.3.0e_r291) [24] with parameter alignIntronMax 1 to prohibit splicing and allow genomic mapping,"https://openalex.org/A5051493682,https://openalex.org/A5025532964,https://openalex.org/A5059094848,https://openalex.org/A5017271798,https://openalex.org/A5045775423,https://openalex.org/A5074902769,https://openalex.org/A5040593045,https://openalex.org/A5066663995,https://openalex.org/A5047977221,https://openalex.org/A5091914497","Anssi Lipponen,Assam El‐Osta,Antony Kaspi,Mark Ziemann,Ishant Khurana,K N Harikrishnan,Vicente Navarro-Ferrandis,Noora Puhakka,Jussi Paananen,Asla Pitkänen","DNA methylation,Transcription factor,Transcriptome,PAX6,Traumatic brain injury",https://github.com/alexdobin/STAR,,JelenaDjuric,,https://github.com/alexdobin/STAR,1
107,Spliced Transcripts Alignment to a Reference (STAR),10.1186/s40478-016-0338-z,"For this analysis, we directly aligned all reads from these datasets to an alignment index containing the human genome plus a library of 740 virus genomes (including sequences from all known human viruses documented by NCBI) using the Spliced Transcripts Alignment to a Reference (STAR) aligner","https://openalex.org/A5053490217,https://openalex.org/A5023422166,https://openalex.org/A5084051442,https://openalex.org/A5077402829,https://openalex.org/A5089449964,https://openalex.org/A5088041804,https://openalex.org/A5074051253,https://openalex.org/A5002551784","Michael J. Strong,Eugene Blanchard,Zhen Lin,Cindy A. Morris,Melody Baddoo,Christopher M. Taylor,Marcus L. Ware,Erik K. Flemington","Deep sequencing,DNA sequencing,Computational biology,Human virome,Biology",https://github.com/alexdobin/STAR,,JelenaDjuric,,https://github.com/alexdobin/STAR,1
108,Spliced Transcripts Alignment to a Reference (STAR),10.18632/aging.102840,"Reads were aligned to the Human reference genome (GRCh37) using the Spliced Transcripts Alignment to a Reference (STAR) software v2.5 [47], then summarized as gene-level counts using featureCounts 1.4.4 [48]","https://openalex.org/A5081542125,https://openalex.org/A5047225720,https://openalex.org/A5015978195,https://openalex.org/A5001700176,https://openalex.org/A5036840732,https://openalex.org/A5047141421,https://openalex.org/A5021195592,https://openalex.org/A5050607848,https://openalex.org/A5072613176,https://openalex.org/A5037628555","Ignazio S. Piras,Christiane Bleul,Joshua S. Talboom,Matthew De Both,Isabelle Schrauwen,Glenda M. Halliday,Amanda Myers,Geidy E. Serrano,Thomas G. Beach,Matthew J. Huentelman","Cell type,Biology,Gene expression,Gene",https://github.com/alexdobin/STAR,,JelenaDjuric,,https://github.com/alexdobin/STAR,1
109,Spliced Transcripts Alignment to a Reference (STAR),10.18632/aging.102968,"The reads were aligned to the UCSC reference human genome 19 (hg19) using Spliced Transcripts Alignment to a Reference (STAR) software v2.3.1 (DNASTAR, Inc","https://openalex.org/A5057209439,https://openalex.org/A5063855097,https://openalex.org/A5037099047,https://openalex.org/A5064380788,https://openalex.org/A5042275051,https://openalex.org/A5091395657,https://openalex.org/A5020232250,https://openalex.org/A5001741661,https://openalex.org/A5056810676","Jian Zhang,Tao Xie,Xi Zhong,Huali Jiang,Rong Li,Baiyao Wang,Xiaoting Huang,Bohong Cen,Yawei Yuan","Nasopharyngeal carcinoma,Wnt signaling pathway,Melatonin,Cisplatin,Cancer research,Catenin,Signal transduction",https://github.com/alexdobin/STAR,,JelenaDjuric,,https://github.com/alexdobin/STAR,1
110,Spliced Transcripts Alignment to a Reference (STAR),10.3390/ani11041131,The clean reads were mapped to the unigenes from full-length transcriptome by Spliced Transcripts Alignment to a Reference (STAR) [26].,"https://openalex.org/A5051160500,https://openalex.org/A5087290644,https://openalex.org/A5010015600,https://openalex.org/A5004017901,https://openalex.org/A5077811785,https://openalex.org/A5008346736,https://openalex.org/A5021901509,https://openalex.org/A5029462795","Xinghua Lin,Dayan Zhou,Xiaomin Zhang,Guangli Li,Yulei Zhang,Cailin Huang,Zhixin Zhang,Changxu Tian","Catfish,Biology,KEGG,Transcriptome,Danio,Gene",https://github.com/alexdobin/STAR,,JelenaDjuric,,https://github.com/alexdobin/STAR,1
111,Spliced Transcripts Alignment to a Reference (STAR),10.1186/s12915-016-0279-9,"Reads were subsequently mapped with Spliced Transcripts Alignment to a Reference (STAR) [92], and gene expression analysis was carried out using HTSeq [93] and DESeq2 [94] with conditional quantile normalization [95]","https://openalex.org/A5046162654,https://openalex.org/A5015256307,https://openalex.org/A5028106202,https://openalex.org/A5038516654,https://openalex.org/A5029149817,https://openalex.org/A5017751776,https://openalex.org/A5001821816","Georg M. Bruun,Thomas Koed Doktor,Jonas Borch-Jensen,Akio Matsubara,Adrian R. Krainer,Kinji Ohno,Brage S. Andresen","RNA splicing,Biology,Exon,Splice site mutation,Genetics,Alternative splicing,Intron,Exon skipping,Binding site,Minigene",https://github.com/alexdobin/STAR,,JelenaDjuric,,https://github.com/alexdobin/STAR,1
112,(STAR,10.3389/fphys.2020.623190,"Next, the two reads per sample (R1 and R2) were mapped to the mouse reference genome (build GRCm38/mm10) using Spliced Transcripts Alignment to a Reference (STAR version 2.6.1) (Dobin et al., 2013)","https://openalex.org/A5059033144,https://openalex.org/A5079681851,https://openalex.org/A5077847735,https://openalex.org/A5025018584,https://openalex.org/A5029872038,https://openalex.org/A5068456606,https://openalex.org/A5019968053,https://openalex.org/A5045910514,https://openalex.org/A5033233937,https://openalex.org/A5051953374","Marta Pérez-Hernández,Grecia M Marrón-Liñares,Florencia Schlamp,Adriana Heguy,Chantal J.M. van Opbergen,Valeria Mezzano,Mingliang Zhang,Feng-Xia Liang,Marina Cerrone,Mario Delmar","Transcriptome,Myocyte,Biology,Inflammation",https://github.com/alexdobin/STAR,,JelenaDjuric,,https://github.com/alexdobin/STAR,1
113,(STAR,10.1038/s41598-021-86032-5,"Then, the high-quality reads were aligned to the reference genome (hg19) using Spliced Transcripts Alignment to a Reference (STAR) with the parameter –quantMode GeneCounts for gene-level quantification and otherwise default parameters","https://openalex.org/A5038321079,https://openalex.org/A5080725960,https://openalex.org/A5038168057,https://openalex.org/A5024297412,https://openalex.org/A5023915084,https://openalex.org/A5035613777,https://openalex.org/A5082251197,https://openalex.org/A5010029002","Timothy Warwick,Marcel H. Schulz,Stefan Günther,Ralf Gilsbach,Antonio Neme,Carsten Carlberg,Ralf P. Brandes,Sabine Seuter","Calcitriol receptor,Transcription factor,Biology,Transcriptome,ETS1",https://github.com/alexdobin/STAR,,JelenaDjuric,,https://github.com/alexdobin/STAR,1
114,stars,10.1186/s12915-021-01043-y,Segmentation maps were converted to polygons in R using packages sf [9] and stars [24],"https://openalex.org/A5044592324,https://openalex.org/A5036518137,https://openalex.org/A5009002591,https://openalex.org/A5012598255,https://openalex.org/A5064177146,https://openalex.org/A5055046375,https://openalex.org/A5047767370,https://openalex.org/A5011860225,https://openalex.org/A5074498599","Matthijs J.D. Baars,Neeraj Sinha,Mojtaba Amini,Annelies Pieterman-Bos,Stephanie van Dam,Maroussia M. P. Ganpat,Miangela M. Laclé,Bas Oldenburg,Yvonne Vercoulen","Segmentation,Multiplex,Mass cytometry,Biology","https://r-spatial.github.io/stars/,https://cran.r-project.org/package=stars,https://github.com/r-spatial/stars/",,JelenaDjuric,,https://r-spatial.github.io/stars/,1
115,stars,10.1186/s12915-021-01043-y,Segmentation maps were converted to polygons in R using packages sf [9] and stars [24],"https://openalex.org/A5044592324,https://openalex.org/A5036518137,https://openalex.org/A5009002591,https://openalex.org/A5012598255,https://openalex.org/A5064177146,https://openalex.org/A5055046375,https://openalex.org/A5047767370,https://openalex.org/A5011860225,https://openalex.org/A5074498599","Matthijs J.D. Baars,Neeraj Sinha,Mojtaba Amini,Annelies Pieterman-Bos,Stephanie van Dam,Maroussia M. P. Ganpat,Miangela M. Laclé,Bas Oldenburg,Yvonne Vercoulen","Segmentation,Multiplex,Mass cytometry,Biology","https://r-spatial.github.io/stars/,https://cran.r-project.org/package=stars,https://github.com/r-spatial/stars/",,JelenaDjuric,,https://cran.r-project.org/package=stars,1
116,stars,10.1186/s12915-021-01043-y,Segmentation maps were converted to polygons in R using packages sf [9] and stars [24],"https://openalex.org/A5044592324,https://openalex.org/A5036518137,https://openalex.org/A5009002591,https://openalex.org/A5012598255,https://openalex.org/A5064177146,https://openalex.org/A5055046375,https://openalex.org/A5047767370,https://openalex.org/A5011860225,https://openalex.org/A5074498599","Matthijs J.D. Baars,Neeraj Sinha,Mojtaba Amini,Annelies Pieterman-Bos,Stephanie van Dam,Maroussia M. P. Ganpat,Miangela M. Laclé,Bas Oldenburg,Yvonne Vercoulen","Segmentation,Multiplex,Mass cytometry,Biology","https://r-spatial.github.io/stars/,https://cran.r-project.org/package=stars,https://github.com/r-spatial/stars/",,JelenaDjuric,,https://github.com/r-spatial/stars/,1
117,stars,10.1371/journal.pone.0247535,"The foot package is coded entirely in the R statistical computing language, making use of the sf, stars, and lwgeom packages [27–29] to access external spatial data libraries.","https://openalex.org/A5013702813,https://openalex.org/A5026395399","Warren C. Jochem,Andrew J. Tatem","Footprint,Raster graphics,Zoning,Computer science,Scale (ratio)","https://r-spatial.github.io/stars/,https://cran.r-project.org/package=stars,https://github.com/r-spatial/stars/",,JelenaDjuric,,https://r-spatial.github.io/stars/,1
118,stars,10.1371/journal.pone.0247535,"The foot package is coded entirely in the R statistical computing language, making use of the sf, stars, and lwgeom packages [27–29] to access external spatial data libraries.","https://openalex.org/A5013702813,https://openalex.org/A5026395399","Warren C. Jochem,Andrew J. Tatem","Footprint,Raster graphics,Zoning,Computer science,Scale (ratio)","https://r-spatial.github.io/stars/,https://cran.r-project.org/package=stars,https://github.com/r-spatial/stars/",,JelenaDjuric,,https://cran.r-project.org/package=stars,1
119,stars,10.1371/journal.pone.0247535,"The foot package is coded entirely in the R statistical computing language, making use of the sf, stars, and lwgeom packages [27–29] to access external spatial data libraries.","https://openalex.org/A5013702813,https://openalex.org/A5026395399","Warren C. Jochem,Andrew J. Tatem","Footprint,Raster graphics,Zoning,Computer science,Scale (ratio)","https://r-spatial.github.io/stars/,https://cran.r-project.org/package=stars,https://github.com/r-spatial/stars/",,JelenaDjuric,,https://github.com/r-spatial/stars/,1
120,stars,10.1371/journal.pone.0253148,"All statistical analyses were performed using R [39], and in addition to the packages mentioned previously, we used ggspatial [52], ggplot2 [53], stars [54], tidyverse [55], viridis [56].","https://openalex.org/A5079982401,https://openalex.org/A5024327010,https://openalex.org/A5073110322","Julia Carolina Mata,Robert Buitenwerf,Jens‐Christian Svenning","Wildlife,Habitat,Ecology,Restoration ecology,Geography","https://r-spatial.github.io/stars/,https://cran.r-project.org/package=stars,https://github.com/r-spatial/stars/",,JelenaDjuric,,https://r-spatial.github.io/stars/,1
121,stars,10.1371/journal.pone.0253148,"All statistical analyses were performed using R [39], and in addition to the packages mentioned previously, we used ggspatial [52], ggplot2 [53], stars [54], tidyverse [55], viridis [56].","https://openalex.org/A5079982401,https://openalex.org/A5024327010,https://openalex.org/A5073110322","Julia Carolina Mata,Robert Buitenwerf,Jens‐Christian Svenning","Wildlife,Habitat,Ecology,Restoration ecology,Geography","https://r-spatial.github.io/stars/,https://cran.r-project.org/package=stars,https://github.com/r-spatial/stars/",,JelenaDjuric,,https://cran.r-project.org/package=stars,1
122,stars,10.1371/journal.pone.0253148,"All statistical analyses were performed using R [39], and in addition to the packages mentioned previously, we used ggspatial [52], ggplot2 [53], stars [54], tidyverse [55], viridis [56].","https://openalex.org/A5079982401,https://openalex.org/A5024327010,https://openalex.org/A5073110322","Julia Carolina Mata,Robert Buitenwerf,Jens‐Christian Svenning","Wildlife,Habitat,Ecology,Restoration ecology,Geography","https://r-spatial.github.io/stars/,https://cran.r-project.org/package=stars,https://github.com/r-spatial/stars/",,JelenaDjuric,,https://github.com/r-spatial/stars/,1
123,stars,10.1371/journal.pone.0258031,"We used publicly available packages for the statistical software R (version 4.0.0) [62] and packages tidyverse, PropCIs, ggmap, sf, stars, raster, akima, and adehabitatHR to conduct our GIS and statistical analyses","https://openalex.org/A5037799026,https://openalex.org/A5068536572,https://openalex.org/A5044513551,https://openalex.org/A5051585211,https://openalex.org/A5053540460,https://openalex.org/A5020743541,https://openalex.org/A5038634412,https://openalex.org/A5049890809,https://openalex.org/A5015313746","Ryan Takeshita,Brian C. Balmer,Francesca Messina,Eric S. Zolman,Len Thomas,Randall S. Wells,Cynthia R. Smith,Teresa K. Rowles,Lori H. Schwacke","Salinity,Estuary,Bay","https://r-spatial.github.io/stars/,https://cran.r-project.org/package=stars,https://github.com/r-spatial/stars/",,JelenaDjuric,,https://r-spatial.github.io/stars/,1
124,stars,10.1371/journal.pone.0258031,"We used publicly available packages for the statistical software R (version 4.0.0) [62] and packages tidyverse, PropCIs, ggmap, sf, stars, raster, akima, and adehabitatHR to conduct our GIS and statistical analyses","https://openalex.org/A5037799026,https://openalex.org/A5068536572,https://openalex.org/A5044513551,https://openalex.org/A5051585211,https://openalex.org/A5053540460,https://openalex.org/A5020743541,https://openalex.org/A5038634412,https://openalex.org/A5049890809,https://openalex.org/A5015313746","Ryan Takeshita,Brian C. Balmer,Francesca Messina,Eric S. Zolman,Len Thomas,Randall S. Wells,Cynthia R. Smith,Teresa K. Rowles,Lori H. Schwacke","Salinity,Estuary,Bay","https://r-spatial.github.io/stars/,https://cran.r-project.org/package=stars,https://github.com/r-spatial/stars/",,JelenaDjuric,,https://cran.r-project.org/package=stars,1
125,stars,10.1371/journal.pone.0258031,"We used publicly available packages for the statistical software R (version 4.0.0) [62] and packages tidyverse, PropCIs, ggmap, sf, stars, raster, akima, and adehabitatHR to conduct our GIS and statistical analyses","https://openalex.org/A5037799026,https://openalex.org/A5068536572,https://openalex.org/A5044513551,https://openalex.org/A5051585211,https://openalex.org/A5053540460,https://openalex.org/A5020743541,https://openalex.org/A5038634412,https://openalex.org/A5049890809,https://openalex.org/A5015313746","Ryan Takeshita,Brian C. Balmer,Francesca Messina,Eric S. Zolman,Len Thomas,Randall S. Wells,Cynthia R. Smith,Teresa K. Rowles,Lori H. Schwacke","Salinity,Estuary,Bay","https://r-spatial.github.io/stars/,https://cran.r-project.org/package=stars,https://github.com/r-spatial/stars/",,JelenaDjuric,,https://github.com/r-spatial/stars/,1
126,stars,10.3390/e22090937,"Input data can be either a matrix, array, object from the raster package (RasterLayer, RasterStack, RasterBrick), or from the stars package [43,44]","https://openalex.org/A5014806603,https://openalex.org/A5074601006","Jakub Nowosad,Peichao Gao","Boltzmann constant,Entropy (arrow of time),Statistical physics,Boltzmann's entropy formula","https://r-spatial.github.io/stars/,https://cran.r-project.org/package=stars,https://github.com/r-spatial/stars/",,JelenaDjuric,,https://r-spatial.github.io/stars/,1
127,stars,10.3390/e22090937,"Input data can be either a matrix, array, object from the raster package (RasterLayer, RasterStack, RasterBrick), or from the stars package [43,44]","https://openalex.org/A5014806603,https://openalex.org/A5074601006","Jakub Nowosad,Peichao Gao","Boltzmann constant,Entropy (arrow of time),Statistical physics,Boltzmann's entropy formula","https://r-spatial.github.io/stars/,https://cran.r-project.org/package=stars,https://github.com/r-spatial/stars/",,JelenaDjuric,,https://cran.r-project.org/package=stars,1
128,stars,10.3390/e22090937,"Input data can be either a matrix, array, object from the raster package (RasterLayer, RasterStack, RasterBrick), or from the stars package [43,44]","https://openalex.org/A5014806603,https://openalex.org/A5074601006","Jakub Nowosad,Peichao Gao","Boltzmann constant,Entropy (arrow of time),Statistical physics,Boltzmann's entropy formula","https://r-spatial.github.io/stars/,https://cran.r-project.org/package=stars,https://github.com/r-spatial/stars/",,JelenaDjuric,,https://github.com/r-spatial/stars/,1
129,STAR) aligner,10.1093/gigascience/giy092,"We demonstrate that hot-starting from a saved container checkpoint can significantly reduce the execution time using the spliced transcripts alignment to a reference (STAR) aligner [14, 15] for RNA-seq data analyses","https://openalex.org/A5050437155,https://openalex.org/A5012172477,https://openalex.org/A5021815916,https://openalex.org/A5021881439","Pai Zhang,Ling‐Hong Hung,Wes Lloyd,Ka Yee Yeung","Computer science,Initialization,Container (type theory),Cloud computing,Operating system,Workflow,Software",https://github.com/alexdobin/STAR,,JelenaDjuric,,https://github.com/alexdobin/STAR,1
130,STAR),10.1002/advs.202000593,Spliced trans alignment to a reference (STAR) (v2.4.2a) software was used to perform sequence alignment on the clean reads of each sample,"https://openalex.org/A5018192589,https://openalex.org/A5056445876,https://openalex.org/A5057171303,https://openalex.org/A5031993303,https://openalex.org/A5015853595,https://openalex.org/A5049317673","Ziyang Wang,Chunjie Sheng,Guangyan Kan,Chen Yao,Rong Geng,Shuai Chen","Gene knockdown,Small hairpin RNA,RNA interference,Cancer research,Carcinogenesis,Cell growth,Biology,Downregulation and upregulation",https://github.com/alexdobin/STAR,,JelenaDjuric,,https://github.com/alexdobin/STAR,1
131,STAR),10.1093/gigascience/giy092,"As a proof-of-concept example, we create a hot-start container for the spliced transcripts alignment to a reference (STAR) aligner and deploy this container to align RNA sequencing data","https://openalex.org/A5050437155,https://openalex.org/A5012172477,https://openalex.org/A5021815916,https://openalex.org/A5021881439","Pai Zhang,Ling‐Hong Hung,Wes Lloyd,Ka Yee Yeung","Computer science,Initialization,Container (type theory),Cloud computing,Operating system,Workflow,Software",https://github.com/alexdobin/STAR,,JelenaDjuric,,https://github.com/alexdobin/STAR,1
132,Star,10.1186/s40478-016-0364-x,"Reads were aligned using the Star 2.3.1 l aligner [51] to the ensemble reference, in which two mismatches were allowed","https://openalex.org/A5051011523,https://openalex.org/A5039953079,https://openalex.org/A5057076918,https://openalex.org/A5045617609,https://openalex.org/A5001009159,https://openalex.org/A5037750452,https://openalex.org/A5088711187,https://openalex.org/A5080369012,https://openalex.org/A5086342180,https://openalex.org/A5019866348,https://openalex.org/A5001954826,https://openalex.org/A5029380319,https://openalex.org/A5053296448,https://openalex.org/A5014763110","Annika Scheffold,Inge R. Holtman,Sandra Dieni,Nieske Brouwer,Sarah‐Fee Katz,Billy Michael Chelliah Jebaraj,Philipp J. Kahle,Bastian Hengerer,André Lechel,Stephan Stilgenbauer,Erik Boddeke,Bart J. L. Eggen,K. Lenhard Rudolph,Knut Biber","Telomere,Microglia,Ageing,Genetically modified mouse,Transgene",https://github.com/alexdobin/STAR,,JelenaDjuric,,https://github.com/alexdobin/STAR,1
133,Star,10.1186/1751-0147-53-57,"The chromatogram was analysed by means of the program Star 5.5 (Varian), with the internal standard as reference peak","https://openalex.org/A5033467199,https://openalex.org/A5056972779,https://openalex.org/A5086475980,https://openalex.org/A5063378305","Katja Stoeckel,Leif Højvang Nielsen,Herbert Fuhrmann,Lisa Bachmann","Fish oil,Composition (language),Food science,Docosahexaenoic acid",https://github.com/alexdobin/STAR,,JelenaDjuric,,https://github.com/alexdobin/STAR,1
134,Star,10.1002/advs.201903583,"After sequencing, the raw data were filtered using Fastp software to remove low‐quality sequences, undetected sequences, and linker sequences, and named” Clean Data.” The Clean Data sequences were compared with the genomic sequences using the Hisat2, MapSplice, Star, and Tophat2 algorithms, and a bam file of the genomic alignment was obtained; the chromosome distribution and genomic alignment rate data were obtained from the “Sample.bam” file","https://openalex.org/A5052288245,https://openalex.org/A5086689679,https://openalex.org/A5075740101,https://openalex.org/A5041093991,https://openalex.org/A5027475930,https://openalex.org/A5050487837,https://openalex.org/A5026085732,https://openalex.org/A5075261238,https://openalex.org/A5033632697","Zhixiao Liu,Liujun Wang,Huan Xu,Qingyun Du,Li Li,Ling Wang,En Song Zhang,Guosong Chen,Yue Wang","Metastasis,Prostate cancer,Cancer cell,CD44,Extracellular matrix,Extracellular,Cancer research,Cancer",https://github.com/alexdobin/STAR,,JelenaDjuric,,https://github.com/alexdobin/STAR,1
135,STAR) RNA-Seq aligner,10.3390/cells10020273,A custom up-to-date version of the Mus Musculus genome was generated using the spliced transcripts alignment to a reference (STAR) RNA-Seq aligner [23] (version 2.7.6a) using the “—twopassMode Basic” parameter to increase the mapping change of the reads,"https://openalex.org/A5072727932,https://openalex.org/A5009847970,https://openalex.org/A5005763426,https://openalex.org/A5026786600,https://openalex.org/A5041972310,https://openalex.org/A5086062480,https://openalex.org/A5069387858,https://openalex.org/A5040381615","Serena Silvestro,Agnese Gugliandolo,Luigi Chiricosta,Francesca Diomede,Oriana Trubiani,Placido Bramantı,Jacopo Pizzicannella,Emanuela Mazzon","Cell biology,microRNA,Biology,Angiogenesis,Heart development,Microvesicles,Transcriptome",https://github.com/alexdobin/STAR,,JelenaDjuric,,https://github.com/alexdobin/STAR,1
