id,name,doi,paragraph,authors,field/topic/keywords,url (ground truth),candidate_urls,probability (ground truth),metadata_name,metadata_authors,metadata_keywords,metadata_description,name_metric,author_metric,paragraph_metric,keywords_metric
2,sklearn,10.1107/S2059798318005752,The coefficient and intercept were determined by the ‘LogisticRegression’ module in sklearn (http://www.scikit-learn.org),"Adam J Simpkin,Felix Šimkovic,Jens M. H. Thomas,Martin Savko,А. А. Лебедев,Ville Uski,Clive Ballard,Marcin Wojdyr,Rui Wu,Ruslan Sanishvili,Yibin Xu,María‐Natalia Lisa,Alejandro Buschiazzo,William Shepard,Daniel J. Rigden,Ronan Keegan","Molecular replacement,Pipeline (software),Protein Data Bank (RCSB PDB),Computer science,Sequence (biology),Algorithm,Protein Data Bank,Set (abstract data type)","https://github.com/scikit-learn/scikit-learn,https://pypi.org/project/scikit-learn/",https://pypi.org/project/scikit-learn/,1,scikit-learn,,"5 - Production/Stable, Developers, Science/Research, OSI Approved, BSD License, MacOS, Microsoft, Windows, POSIX, Unix, C, Python, 3, 3.10, 3.11, 3.12, 3.13, 3.9, Implementation, CPython, Scientific/Engineering, Software Development",A set of python modules for machine learning and data mining,0.875,0.0,0.10315540432929993,0.2593240737915039
4,sklearn,10.1002/advs.201903392,"SHAP was implemented using the shap package in Python 3.7.[ ] Regression models were generated using random forest and XGBoost, using the packages sklearn and xgboost in Python 3.7","Matthew Vassey,Grazziela P. Figueredo,David J. Scurr,Aliaksei Vasilevich,Steven Vermeulen,Aurélie Carlier,Jeni Luckett,Nick R. M. Beijer,Paul Williams,David A. Winkler,Jan de Boer,Amir M. Ghaemmaghami,Morgan R. Alexander","Macrophage,Phenotype,Immune system,Rational design,Monocyte,Cell biology","https://github.com/scikit-learn/scikit-learn,https://pypi.org/project/scikit-learn/",https://pypi.org/project/scikit-learn/,1,scikit-learn,,"5 - Production/Stable, Developers, Science/Research, OSI Approved, BSD License, MacOS, Microsoft, Windows, POSIX, Unix, C, Python, 3, 3.10, 3.11, 3.12, 3.13, 3.9, Implementation, CPython, Scientific/Engineering, Software Development",A set of python modules for machine learning and data mining,0.875,0.0,0.454778790473938,0.01562720164656639
6,sklearn,10.18632/aging.203447,Analyses were performed using the sklearn (version 0.20.3) and lifelines (version 0.19.5) packages in python.,"Ted Kheng Siang Ng,David B. Matchar,Timothy V. Pyrkov,П. О. Федичев,Angelique Chan,Brian K. Kennedy","Socioeconomic status,Demography,Body mass index,Gerontology","https://github.com/scikit-learn/scikit-learn,https://pypi.org/project/scikit-learn/",https://pypi.org/project/scikit-learn/,1,scikit-learn,,"5 - Production/Stable, Developers, Science/Research, OSI Approved, BSD License, MacOS, Microsoft, Windows, POSIX, Unix, C, Python, 3, 3.10, 3.11, 3.12, 3.13, 3.9, Implementation, CPython, Scientific/Engineering, Software Development",A set of python modules for machine learning and data mining,0.875,0.0,0.5028712749481201,0.021929459646344185
8,sklearn,10.1111/acel.13320,The age prediction models use an elastic net regression as implemented by Pythons’ sklearn,"David Meyer,Björn Schumacher","Biology,Transcriptome,Epigenetics,Caenorhabditis elegans,DNA methylation,Longevity,Genetics,Computational biology","https://github.com/scikit-learn/scikit-learn,https://pypi.org/project/scikit-learn/",https://pypi.org/project/scikit-learn/,1,scikit-learn,,"5 - Production/Stable, Developers, Science/Research, OSI Approved, BSD License, MacOS, Microsoft, Windows, POSIX, Unix, C, Python, 3, 3.10, 3.11, 3.12, 3.13, 3.9, Implementation, CPython, Scientific/Engineering, Software Development",A set of python modules for machine learning and data mining,0.875,0.0,0.3115929365158081,0.1709679514169693
10,sklearn,10.1186/s13195-021-00874-9,Statistical analyses were performed using Python (version 3.7.3) and the sklearn package (version 0.21.3),"Samantha Prins,Ahnjili Zhuparris,Ellen P. Hart,Robert Doll,Geert Jan Groeneveld","Medicine,Logistic regression,Biomarker,Internal medicine","https://github.com/scikit-learn/scikit-learn,https://pypi.org/project/scikit-learn/",https://pypi.org/project/scikit-learn/,1,scikit-learn,,"5 - Production/Stable, Developers, Science/Research, OSI Approved, BSD License, MacOS, Microsoft, Windows, POSIX, Unix, C, Python, 3, 3.10, 3.11, 3.12, 3.13, 3.9, Implementation, CPython, Scientific/Engineering, Software Development",A set of python modules for machine learning and data mining,0.875,0.0,0.46859505772590637,0.07249519973993301
12,sklearn Python package,10.1016/j.patter.2021.100270,"The Equations 1.5 and 1.6 were estimated using the Linear model function implemented in the sklearn Python package, using default parameters","Chinedu Anthony Anene,Faraz Khan,Findlay Bewicke-Copley,Eleni Maniati,Jun Wang","Computational biology,Computer science","https://github.com/scikit-learn/scikit-learn,https://pypi.org/project/scikit-learn/",https://pypi.org/project/scikit-learn/,1,scikit-learn,,"5 - Production/Stable, Developers, Science/Research, OSI Approved, BSD License, MacOS, Microsoft, Windows, POSIX, Unix, C, Python, 3, 3.10, 3.11, 3.12, 3.13, 3.9, Implementation, CPython, Scientific/Engineering, Software Development",A set of python modules for machine learning and data mining,0.6085858585858586,0.0,0.26314452290534973,0.31859785318374634
14,sklearn Python package,10.7717/peerj.10501,"The feature vector values were scaled from 0.0 to 1.0 using the minmaxscaler in the sklearn Python package (Pedregosa et al., 2011)","Eliot Cline,Nuttachat Wisittipanit,Tossapon Boongoen,Ekachai Chukeatirote,D. Struss,A. Eungwanichayapant","Quality Score,Computer science","https://github.com/scikit-learn/scikit-learn,https://pypi.org/project/scikit-learn/",https://pypi.org/project/scikit-learn/,1,scikit-learn,,"5 - Production/Stable, Developers, Science/Research, OSI Approved, BSD License, MacOS, Microsoft, Windows, POSIX, Unix, C, Python, 3, 3.10, 3.11, 3.12, 3.13, 3.9, Implementation, CPython, Scientific/Engineering, Software Development",A set of python modules for machine learning and data mining,0.6085858585858586,0.0,0.28713858127593994,0.3309438228607178
16,sklearn Python package,10.1016/j.cub.2020.04.042,The network was trained using the backpropagation algorithm and weights were optimized using a stochastic gradient-based solver with adaptive momentum estimation via the sklearn Python package [78].,"Arne F. Meyer,John O’Keefe,Jasper Poort","Eye movement,Saccadic masking,Gaze,Saccade,Fixation (population genetics),Head (geology)","https://github.com/scikit-learn/scikit-learn,https://pypi.org/project/scikit-learn/",https://pypi.org/project/scikit-learn/,1,scikit-learn,,"5 - Production/Stable, Developers, Science/Research, OSI Approved, BSD License, MacOS, Microsoft, Windows, POSIX, Unix, C, Python, 3, 3.10, 3.11, 3.12, 3.13, 3.9, Implementation, CPython, Scientific/Engineering, Software Development",A set of python modules for machine learning and data mining,0.6085858585858586,0.0,0.32226675748825073,0.07660628110170364
18,sklearn Python package,10.1128/mSystems.00164-16,The multidimensional scaling plots were computed with the sklearn Python package (83).,"Francesco Asnicar,Serena Manara,Moreno Zolfo,Duy Tin Truong,Matthias Scholz,Federica Armanini,Pamela Ferretti,Valentina Gorfer,Anna Pedrotti,Adrian Tett,Nicola Segata","Microbiome,Metagenomics,Biology,Bifidobacterium","https://github.com/scikit-learn/scikit-learn,https://pypi.org/project/scikit-learn/",https://pypi.org/project/scikit-learn/,1,scikit-learn,,"5 - Production/Stable, Developers, Science/Research, OSI Approved, BSD License, MacOS, Microsoft, Windows, POSIX, Unix, C, Python, 3, 3.10, 3.11, 3.12, 3.13, 3.9, Implementation, CPython, Scientific/Engineering, Software Development",A set of python modules for machine learning and data mining,0.6085858585858586,0.0,0.3678949475288391,0.11573531478643417
20,Python package sklearn,10.1186/s12916-020-01748-x,"We tested gene signatures using the test set, and ROC curves were generated to compute performance metrics using the Python package sklearn.metrics.roc_curve [29]⁠","Hoang Dong Nguyen,Andréa Allaire,Phedias Diamandis,Martin Bisaillon,Michelle S. Scott,Maxime Richer","Glioma,Isocitrate dehydrogenase","https://github.com/scikit-learn/scikit-learn,https://pypi.org/project/scikit-learn/",https://pypi.org/project/scikit-learn/,1,scikit-learn,,"5 - Production/Stable, Developers, Science/Research, OSI Approved, BSD License, MacOS, Microsoft, Windows, POSIX, Unix, C, Python, 3, 3.10, 3.11, 3.12, 3.13, 3.9, Implementation, CPython, Scientific/Engineering, Software Development",A set of python modules for machine learning and data mining,0.5715488215488216,0.0,0.3709643483161926,0.0708903819322586
22,Python package sklearn,10.1186/s13059-020-02189-8,"With the values for the above sequence and epigenetic features and the category labels, we performed random forest analysis using the RandomForestRegressor function in the Python package sklearn [57] to evaluate the importance of each feature to the DNA methylation heterogeneity.","Chengchen Zhao,Naiqian Zhang,Yalin Zhang,Nuermaimaiti Tuersunjiang,Shaorong Gao,Wenqiang Liu,Yong Zhang","DNA methylation,Epigenetics,Biology,Methylation,DNA","https://github.com/scikit-learn/scikit-learn,https://pypi.org/project/scikit-learn/",https://pypi.org/project/scikit-learn/,1,scikit-learn,,"5 - Production/Stable, Developers, Science/Research, OSI Approved, BSD License, MacOS, Microsoft, Windows, POSIX, Unix, C, Python, 3, 3.10, 3.11, 3.12, 3.13, 3.9, Implementation, CPython, Scientific/Engineering, Software Development",A set of python modules for machine learning and data mining,0.5715488215488216,0.0,0.2925041913986206,0.004292408004403114
24,Python package sklearn,10.3390/ijms21030713,"Each ML method was applied with its default settings using Python package sklearn [40], both with and without data trimming, separately for each dataset","Victor Tkachev,Maxim Sorokin,Constantin Borisov,Andrew Garazha,Anton Buzdin,Nicolas Borisov","Artificial intelligence,Support vector machine,Computer science,Machine learning,Random forest","https://github.com/scikit-learn/scikit-learn,https://pypi.org/project/scikit-learn/",https://pypi.org/project/scikit-learn/,1,scikit-learn,,"5 - Production/Stable, Developers, Science/Research, OSI Approved, BSD License, MacOS, Microsoft, Windows, POSIX, Unix, C, Python, 3, 3.10, 3.11, 3.12, 3.13, 3.9, Implementation, CPython, Scientific/Engineering, Software Development",A set of python modules for machine learning and data mining,0.5715488215488216,0.0,0.4831876754760742,0.2406798005104065
26,sklearn python package,10.3390/s21041463,"The tuned hyper-parameters were: The training set was split in train and validation using the train_test_split function from the sklearn python package, using a 80-20% split, ensuring stratification on the predicted class","Davide Morelli,Alessio Rossi,Leonardo Bartoloni,Massimo Cairo,David A. Clifton","Standard deviation,Heart rate variability,QRS complex,Wearable computer,Wearable technology","https://github.com/scikit-learn/scikit-learn,https://pypi.org/project/scikit-learn/",https://pypi.org/project/scikit-learn/,1,scikit-learn,,"5 - Production/Stable, Developers, Science/Research, OSI Approved, BSD License, MacOS, Microsoft, Windows, POSIX, Unix, C, Python, 3, 3.10, 3.11, 3.12, 3.13, 3.9, Implementation, CPython, Scientific/Engineering, Software Development",A set of python modules for machine learning and data mining,0.6085858585858586,0.0,0.33008265495300293,0.0736883133649826
28,sklearn python package,10.7554/eLife.52611,"Regression coefficients were calculated using the sklearn.linear_model.Ridge function from the sklearn python package (Pedregosa et al., 2011) where X is 111 x d (and d is the number of transcripts) and y is the vector for RRTS values for each transcript","Jamie R Wangen,Rachel Green","Stop codon,Biology,Genetics,Gene,Start codon,Ribosome profiling","https://github.com/scikit-learn/scikit-learn,https://pypi.org/project/scikit-learn/",https://pypi.org/project/scikit-learn/,1,scikit-learn,,"5 - Production/Stable, Developers, Science/Research, OSI Approved, BSD License, MacOS, Microsoft, Windows, POSIX, Unix, C, Python, 3, 3.10, 3.11, 3.12, 3.13, 3.9, Implementation, CPython, Scientific/Engineering, Software Development",A set of python modules for machine learning and data mining,0.6085858585858586,0.0,0.1366027295589447,0.04065072536468506
30,Python sklearn library,10.1155/2020/1384749,The SVM and RF algorithms were implemented using the Python sklearn library [49],"Xiuzhi Sang,Wanyue Xiao,Huiwen Zheng,Yang Yang,Taigang Liu","Support vector machine,Hidden Markov model,Feature selection,Computer science,Artificial intelligence,Classifier (UML),Machine learning,Benchmark (surveying)","https://github.com/scikit-learn/scikit-learn,https://pypi.org/project/scikit-learn/",https://pypi.org/project/scikit-learn/,1,scikit-learn,,"5 - Production/Stable, Developers, Science/Research, OSI Approved, BSD License, MacOS, Microsoft, Windows, POSIX, Unix, C, Python, 3, 3.10, 3.11, 3.12, 3.13, 3.9, Implementation, CPython, Scientific/Engineering, Software Development",A set of python modules for machine learning and data mining,0.5715488215488216,0.0,0.5900386571884155,0.18102756142616272
32,Python sklearn library,10.3390/e22111274,It is implemented using Python sklearn library which provides highly standardised and efficient set of tools for calculation clustering quality and clustering comparison scores,"Alexander Chervov,Jonathan Bac,Andreï Zinovyev","Computer science,Cluster analysis,Python (programming language),Data point","https://github.com/scikit-learn/scikit-learn,https://pypi.org/project/scikit-learn/",https://pypi.org/project/scikit-learn/,1,scikit-learn,,"5 - Production/Stable, Developers, Science/Research, OSI Approved, BSD License, MacOS, Microsoft, Windows, POSIX, Unix, C, Python, 3, 3.10, 3.11, 3.12, 3.13, 3.9, Implementation, CPython, Scientific/Engineering, Software Development",A set of python modules for machine learning and data mining,0.5715488215488216,0.0,0.47115570306777954,0.3348073661327362
34,Python sklearn library,10.3389/fonc.2021.652063,"Thus, to further characterize them we used several non-deep ML methods implemented in the Python sklearn library (56).","Nicolas Borisov,Anna Sergeeva,Maria Suntsova,Mikhail Raevskiy,Нуршат Гайфуллин,Л. П. Менделеева,Alexander Gudkov,Maria Nareiko,Andrew Garazha,Victor Tkachev,Xinmin Li,Maxim Sorokin,В. Л. Сурин,Anton Buzdin","Bortezomib,Multiple myeloma,Dexamethasone,Medicine,Oncology","https://github.com/scikit-learn/scikit-learn,https://pypi.org/project/scikit-learn/",https://pypi.org/project/scikit-learn/,1,scikit-learn,,"5 - Production/Stable, Developers, Science/Research, OSI Approved, BSD License, MacOS, Microsoft, Windows, POSIX, Unix, C, Python, 3, 3.10, 3.11, 3.12, 3.13, 3.9, Implementation, CPython, Scientific/Engineering, Software Development",A set of python modules for machine learning and data mining,0.5715488215488216,0.0,0.500279426574707,0.03882730007171631
36,Python sklearn library,10.2196/19133,We computed bag-of-words models using the TfIdfVectorizer() function in the Python sklearn library [43].,"Andrea Ferrario,Burcu Demiray,Kristina Yordanova,Minxia Luo,Mike Martin","Reminiscence,Artificial intelligence,Machine learning,Computer science,Random forest,Natural language processing","https://github.com/scikit-learn/scikit-learn,https://pypi.org/project/scikit-learn/",https://pypi.org/project/scikit-learn/,1,scikit-learn,,"5 - Production/Stable, Developers, Science/Research, OSI Approved, BSD License, MacOS, Microsoft, Windows, POSIX, Unix, C, Python, 3, 3.10, 3.11, 3.12, 3.13, 3.9, Implementation, CPython, Scientific/Engineering, Software Development",A set of python modules for machine learning and data mining,0.5715488215488216,0.0,0.4683637022972107,0.2077968567609787
38,Python sklearn,10.3390/pharmaceutics13071026,Drug molecular features were standardised by removing their mean and scaling to unit variance (performed with the StandardScaler tool in the Python sklearn.preprocessing library),"Laura E. McCoubrey,Moe Elbadawi,Mine Orlu,Simon Gaisford,Abdul W. Basit","Microbiome,Gut microbiome,Drug,Machine learning","https://github.com/scikit-learn/scikit-learn,https://pypi.org/project/scikit-learn/",https://pypi.org/project/scikit-learn/,1,scikit-learn,,"5 - Production/Stable, Developers, Science/Research, OSI Approved, BSD License, MacOS, Microsoft, Windows, POSIX, Unix, C, Python, 3, 3.10, 3.11, 3.12, 3.13, 3.9, Implementation, CPython, Scientific/Engineering, Software Development",A set of python modules for machine learning and data mining,0.621031746031746,0.0,0.33743077516555786,0.04661025106906891
40,Python sklearn,10.3390/e22111274,Having produced clustering of the dataset by several approximating graphs (see previous steps) one can use the well-established and efficiently implemented in Python sklearn library scores for clustering comparison,"Alexander Chervov,Jonathan Bac,Andreï Zinovyev","Computer science,Cluster analysis,Python (programming language),Data point","https://github.com/scikit-learn/scikit-learn,https://pypi.org/project/scikit-learn/",https://pypi.org/project/scikit-learn/,1,scikit-learn,,"5 - Production/Stable, Developers, Science/Research, OSI Approved, BSD License, MacOS, Microsoft, Windows, POSIX, Unix, C, Python, 3, 3.10, 3.11, 3.12, 3.13, 3.9, Implementation, CPython, Scientific/Engineering, Software Development",A set of python modules for machine learning and data mining,0.621031746031746,0.0,0.3789379596710205,0.3348073661327362
42,Python sklearn,10.3390/e22111274,They are efficiently implemented in Python sklearn library,"Alexander Chervov,Jonathan Bac,Andreï Zinovyev","Computer science,Cluster analysis,Python (programming language),Data point","https://github.com/scikit-learn/scikit-learn,https://pypi.org/project/scikit-learn/",https://pypi.org/project/scikit-learn/,1,scikit-learn,,"5 - Production/Stable, Developers, Science/Research, OSI Approved, BSD License, MacOS, Microsoft, Windows, POSIX, Unix, C, Python, 3, 3.10, 3.11, 3.12, 3.13, 3.9, Implementation, CPython, Scientific/Engineering, Software Development",A set of python modules for machine learning and data mining,0.621031746031746,0.0,0.4891950190067291,0.3348073661327362
44,Python sklearn,10.3389/fnins.2021.629892,"The task consists in training a 256-500-500-10 network to solve a synthetic classification problem with 16×16-pixel images and 10 classes; the data to classify is generated automatically with the Python sklearn library (Pedregosa et al., 2011) (see section 4)","Charlotte Frenkel,Martin Lefebvre,David Bol","Computer science,Backpropagation,Artificial neural network,Feed forward,Artificial intelligence,Enhanced Data Rates for GSM Evolution","https://github.com/scikit-learn/scikit-learn,https://pypi.org/project/scikit-learn/",https://pypi.org/project/scikit-learn/,1,scikit-learn,,"5 - Production/Stable, Developers, Science/Research, OSI Approved, BSD License, MacOS, Microsoft, Windows, POSIX, Unix, C, Python, 3, 3.10, 3.11, 3.12, 3.13, 3.9, Implementation, CPython, Scientific/Engineering, Software Development",A set of python modules for machine learning and data mining,0.621031746031746,0.0,0.2179047167301178,-0.008871426805853844
46,Python sklearn,10.3389/frobt.2019.00049,"We compared the performances of four of classifier (random forest classifier, extra-tree classifier, multi-layer perceptron classifier and a k-Nearest Neighbor classifier, using implementations from the Python sklearn toolkit; hyper-parameters were optimized using a grid search where applicable), and eventually selected a k-Nearest Neighbor (with k = 3) classifier as providing the best overall classification performance.","Madeleine Bartlett,Charlotte Edmunds,Tony Belpaeme,Serge Thill,Séverin Lemaignan","Computer science,Natural (archaeology)","https://github.com/scikit-learn/scikit-learn,https://pypi.org/project/scikit-learn/",https://pypi.org/project/scikit-learn/,1,scikit-learn,,"5 - Production/Stable, Developers, Science/Research, OSI Approved, BSD License, MacOS, Microsoft, Windows, POSIX, Unix, C, Python, 3, 3.10, 3.11, 3.12, 3.13, 3.9, Implementation, CPython, Scientific/Engineering, Software Development",A set of python modules for machine learning and data mining,0.621031746031746,0.0,0.5288805961608887,0.3555610775947571
48,Python sklearn,10.3389/frobt.2019.00049,"Accuracy, precision, recall and F1 score were calculated to assess the performance of the classifier (following recommendations in Sorower (2010) and using the weighted implementations of the metrics available in the Python sklearn toolkit)","Madeleine Bartlett,Charlotte Edmunds,Tony Belpaeme,Serge Thill,Séverin Lemaignan","Computer science,Natural (archaeology)","https://github.com/scikit-learn/scikit-learn,https://pypi.org/project/scikit-learn/",https://pypi.org/project/scikit-learn/,1,scikit-learn,,"5 - Production/Stable, Developers, Science/Research, OSI Approved, BSD License, MacOS, Microsoft, Windows, POSIX, Unix, C, Python, 3, 3.10, 3.11, 3.12, 3.13, 3.9, Implementation, CPython, Scientific/Engineering, Software Development",A set of python modules for machine learning and data mining,0.621031746031746,0.0,0.46060052514076233,0.3555610775947571
50,sklearn Python,10.1186/s12859-020-03582-7,"Next, a random forest model is trained (using the sklearn Python package) to classify compounds as to their bioactivity against the protein of interest","Kenneth Westerman,Sean Harrington,José M. Ordovás,Laurence D. Parnell","chEMBL,Computational biology,DrugBank,Peroxisome proliferator-activated receptor gamma,PubChem,Novel food","https://github.com/scikit-learn/scikit-learn,https://pypi.org/project/scikit-learn/",https://pypi.org/project/scikit-learn/,1,scikit-learn,,"5 - Production/Stable, Developers, Science/Research, OSI Approved, BSD License, MacOS, Microsoft, Windows, POSIX, Unix, C, Python, 3, 3.10, 3.11, 3.12, 3.13, 3.9, Implementation, CPython, Scientific/Engineering, Software Development",A set of python modules for machine learning and data mining,0.6865079365079364,0.0,0.46193331480026245,0.0962899923324585
52,sklearn,10.1021/acsomega.1c00991,"Machine learning procedures were used/implemented with sklearn, tensorflow, and (for the GNN) pytorch-geometric, while the fingerprints were generated with Dscribe(54) and our own implementation of the PDDF","Felix Mayr,Alessio Gagliardi","Benchmark (surveying),Fingerprint (computing),Computer science,Workflow","https://github.com/scikit-learn/scikit-learn,https://pypi.org/project/scikit-learn/",https://pypi.org/project/scikit-learn/,1,scikit-learn,,"5 - Production/Stable, Developers, Science/Research, OSI Approved, BSD License, MacOS, Microsoft, Windows, POSIX, Unix, C, Python, 3, 3.10, 3.11, 3.12, 3.13, 3.9, Implementation, CPython, Scientific/Engineering, Software Development",A set of python modules for machine learning and data mining,0.875,0.0,0.4034903943538666,0.2941446304321289
54,sklearn,10.18632/aging.203447,Analyses were performed using the sklearn (version 0.20.3) and lifelines (version 0.19.5) packages in python.,"Ted Kheng Siang Ng,David B. Matchar,Timothy V. Pyrkov,П. О. Федичев,Angelique Chan,Brian K. Kennedy","Socioeconomic status,Demography,Body mass index,Gerontology","https://github.com/scikit-learn/scikit-learn,https://pypi.org/project/scikit-learn/",https://pypi.org/project/scikit-learn/,1,scikit-learn,,"5 - Production/Stable, Developers, Science/Research, OSI Approved, BSD License, MacOS, Microsoft, Windows, POSIX, Unix, C, Python, 3, 3.10, 3.11, 3.12, 3.13, 3.9, Implementation, CPython, Scientific/Engineering, Software Development",A set of python modules for machine learning and data mining,0.875,0.0,0.5028712749481201,0.021929459646344185
56,SKLEARN,10.1155/2020/8858588,Li [4] proposed an SKLEARN system based on automatic machine learning,"Li Ji,Huiqiang Zhang,Jianping Ou,Wei Wang","Computer science,Radar,Universal Software Radio Peripheral,Convolutional neural network,Robustness (evolution)","https://github.com/scikit-learn/scikit-learn,https://pypi.org/project/scikit-learn/",https://pypi.org/project/scikit-learn/,1,scikit-learn,,"5 - Production/Stable, Developers, Science/Research, OSI Approved, BSD License, MacOS, Microsoft, Windows, POSIX, Unix, C, Python, 3, 3.10, 3.11, 3.12, 3.13, 3.9, Implementation, CPython, Scientific/Engineering, Software Development",A set of python modules for machine learning and data mining,0.875,0.0,0.41836684942245483,0.08788010478019714
58,SKLEARN,10.1155/2020/8858588,"Through the automatic solution algorithm of the SKLEARN system and the optimization of hyperparameters, the accuracy of radar signal recognition is improved and the stability is more reliable","Li Ji,Huiqiang Zhang,Jianping Ou,Wei Wang","Computer science,Radar,Universal Software Radio Peripheral,Convolutional neural network,Robustness (evolution)","https://github.com/scikit-learn/scikit-learn,https://pypi.org/project/scikit-learn/",https://pypi.org/project/scikit-learn/,1,scikit-learn,,"5 - Production/Stable, Developers, Science/Research, OSI Approved, BSD License, MacOS, Microsoft, Windows, POSIX, Unix, C, Python, 3, 3.10, 3.11, 3.12, 3.13, 3.9, Implementation, CPython, Scientific/Engineering, Software Development",A set of python modules for machine learning and data mining,0.875,0.0,0.2575111985206604,0.08788010478019714
60,SKLEARN,10.3389/fmicb.2019.01084,"As SKLEARN represents a machine learning approach, the additional flexibility provided was to assign taxonomy after training the algorithm with extracted reference sequences from the SILVA and UNITE databases using the aforementioned PCR primers and trimmed to a length equal to the maximum length of the reads after quality filtering","Dimitrios Kioroglou,Albert Mas,María del Carmen Machuca Portillo","Workflow,Computer science","https://github.com/scikit-learn/scikit-learn,https://pypi.org/project/scikit-learn/",https://pypi.org/project/scikit-learn/,1,scikit-learn,,"5 - Production/Stable, Developers, Science/Research, OSI Approved, BSD License, MacOS, Microsoft, Windows, POSIX, Unix, C, Python, 3, 3.10, 3.11, 3.12, 3.13, 3.9, Implementation, CPython, Scientific/Engineering, Software Development",A set of python modules for machine learning and data mining,0.875,0.0,0.3222496211528778,0.3803880214691162
62,SKLEARN,10.3389/fmicb.2019.01084,The training process of SKLEARN is based on k-mers where the value 7 was used as it is the default balanced QIIME 2 parameter,"Dimitrios Kioroglou,Albert Mas,María del Carmen Machuca Portillo","Workflow,Computer science","https://github.com/scikit-learn/scikit-learn,https://pypi.org/project/scikit-learn/",https://pypi.org/project/scikit-learn/,1,scikit-learn,,"5 - Production/Stable, Developers, Science/Research, OSI Approved, BSD License, MacOS, Microsoft, Windows, POSIX, Unix, C, Python, 3, 3.10, 3.11, 3.12, 3.13, 3.9, Implementation, CPython, Scientific/Engineering, Software Development",A set of python modules for machine learning and data mining,0.875,0.0,0.22648805379867554,0.3803880214691162
64,SKLEARN,10.3389/fmicb.2019.01084,"In relaxed terms, during the training process SKLEARN splits each reference sequence into a series of overlapping heptamers and assigns a level of taxonomy to a given collection of heptamers","Dimitrios Kioroglou,Albert Mas,María del Carmen Machuca Portillo","Workflow,Computer science","https://github.com/scikit-learn/scikit-learn,https://pypi.org/project/scikit-learn/",https://pypi.org/project/scikit-learn/,1,scikit-learn,,"5 - Production/Stable, Developers, Science/Research, OSI Approved, BSD License, MacOS, Microsoft, Windows, POSIX, Unix, C, Python, 3, 3.10, 3.11, 3.12, 3.13, 3.9, Implementation, CPython, Scientific/Engineering, Software Development",A set of python modules for machine learning and data mining,0.875,0.0,0.2710758447647095,0.3803880214691162
66,SKLEARN,10.3389/fmicb.2019.01084,"Later on, during the classification process SKLEARN splits each sequence once again into a collection of overlapping heptamers, and tries to assign a level of taxonomy by taking into consideration the collections of heptamers from the reference sequences","Dimitrios Kioroglou,Albert Mas,María del Carmen Machuca Portillo","Workflow,Computer science","https://github.com/scikit-learn/scikit-learn,https://pypi.org/project/scikit-learn/",https://pypi.org/project/scikit-learn/,1,scikit-learn,,"5 - Production/Stable, Developers, Science/Research, OSI Approved, BSD License, MacOS, Microsoft, Windows, POSIX, Unix, C, Python, 3, 3.10, 3.11, 3.12, 3.13, 3.9, Implementation, CPython, Scientific/Engineering, Software Development",A set of python modules for machine learning and data mining,0.875,0.0,0.27960729598999023,0.3803880214691162
67,Pandas,10.1007/s00701-021-04837-9,The large datasets were analyzed using Python 3.8.2 in conjunction with Pandas 1.2.1 and NumPy 1.20.0 before statistical analysis.,"Justyna Lunkiewicz,Giovanna Brandi,Jan Willms,Christian Strässle,Gagan Narula,Emanuela Keller,Carl Muroi","Nimodipine,Medicine,Anesthesia,Subarachnoid hemorrhage,Cardiac index,Context (archaeology)","https://github.com/pandas-dev/pandas,https://pypi.org/project/pandas/",https://github.com/pandas-dev/pandas,1,pandas,pandas,"alignment, data-analysis, data-science, flexible, pandas, python","Flexible and powerful data analysis / manipulation library for Python, providing labeled data structures similar to R data.frame objects, statistical functions, and much more",1.0,0.5604700854700856,0.6915164589881897,-0.0023777447640895844
68,Pandas,10.1007/s00701-021-04837-9,The large datasets were analyzed using Python 3.8.2 in conjunction with Pandas 1.2.1 and NumPy 1.20.0 before statistical analysis.,"Justyna Lunkiewicz,Giovanna Brandi,Jan Willms,Christian Strässle,Gagan Narula,Emanuela Keller,Carl Muroi","Nimodipine,Medicine,Anesthesia,Subarachnoid hemorrhage,Cardiac index,Context (archaeology)","https://github.com/pandas-dev/pandas,https://pypi.org/project/pandas/",https://pypi.org/project/pandas/,1,pandas,,"5 - Production/Stable, Console, Science/Research, OSI Approved, BSD License, OS Independent, Cython, Python, 3, Only, 3.10, 3.11, 3.12, 3.9, Scientific/Engineering","Powerful data structures for data analysis, time series, and statistics",1.0,0.0,0.45991674065589905,0.02601032145321369
69,Pandas,10.1002/advs.202001314,"Statistical analyses were performed using Python libraries Numpy, Scipy, and Pandas.","Wenze Ding,H. Gong","Protein structure prediction,Residue (chemistry),Computer science","https://github.com/pandas-dev/pandas,https://pypi.org/project/pandas/",https://github.com/pandas-dev/pandas,1,pandas,pandas,"alignment, data-analysis, data-science, flexible, pandas, python","Flexible and powerful data analysis / manipulation library for Python, providing labeled data structures similar to R data.frame objects, statistical functions, and much more",1.0,0.40849673202614384,0.6663744449615479,0.23518340289592743
70,Pandas,10.1002/advs.202001314,"Statistical analyses were performed using Python libraries Numpy, Scipy, and Pandas.","Wenze Ding,H. Gong","Protein structure prediction,Residue (chemistry),Computer science","https://github.com/pandas-dev/pandas,https://pypi.org/project/pandas/",https://pypi.org/project/pandas/,1,pandas,,"5 - Production/Stable, Console, Science/Research, OSI Approved, BSD License, OS Independent, Cython, Python, 3, Only, 3.10, 3.11, 3.12, 3.9, Scientific/Engineering","Powerful data structures for data analysis, time series, and statistics",1.0,0.0,0.37504109740257263,0.15472273528575897
71,Pandas,10.1021/acs.analchem.0c04373,The package was written with Python (v.3.6.6) and relied heavily on Pandas (v,"Kang-Yu Peng,Malinda Salim,Joseph Pelle,Gisela Ramirez,Ben J. Boyd","Bovine milk,Chemistry","https://github.com/pandas-dev/pandas,https://pypi.org/project/pandas/",https://github.com/pandas-dev/pandas,1,pandas,pandas,"alignment, data-analysis, data-science, flexible, pandas, python","Flexible and powerful data analysis / manipulation library for Python, providing labeled data structures similar to R data.frame objects, statistical functions, and much more",1.0,0.5307692307692308,0.4715306758880615,0.04685189574956894
72,Pandas,10.1021/acs.analchem.0c04373,The package was written with Python (v.3.6.6) and relied heavily on Pandas (v,"Kang-Yu Peng,Malinda Salim,Joseph Pelle,Gisela Ramirez,Ben J. Boyd","Bovine milk,Chemistry","https://github.com/pandas-dev/pandas,https://pypi.org/project/pandas/",https://pypi.org/project/pandas/,1,pandas,,"5 - Production/Stable, Console, Science/Research, OSI Approved, BSD License, OS Independent, Cython, Python, 3, Only, 3.10, 3.11, 3.12, 3.9, Scientific/Engineering","Powerful data structures for data analysis, time series, and statistics",1.0,0.0,0.20433099567890167,0.08946097642183304
73,Pandas,10.3390/ani11030865,"To obtain the bacterial composition and function profiles of sable intestinal microbiome, the proportion of microbes at different taxonomic levels and functional gene benchmark were calculated in the NumPy and Pandas packages in Python","Lantian Su,Xinxin Liu,Guang-Yao Jin,Yue Ma,Haoxin Tan,Muhammed Abdul Khalid,Martin Romantschuk,Shan Yin,Nan Hui","Habitat,Biology,Ecology,Firmicutes,Actinobacteria,Abundance (ecology),Relative species abundance","https://github.com/pandas-dev/pandas,https://pypi.org/project/pandas/",https://github.com/pandas-dev/pandas,1,pandas,pandas,"alignment, data-analysis, data-science, flexible, pandas, python","Flexible and powerful data analysis / manipulation library for Python, providing labeled data structures similar to R data.frame objects, statistical functions, and much more",1.0,0.40090090090090086,0.3415517807006836,0.11753309518098831
74,Pandas,10.3390/ani11030865,"To obtain the bacterial composition and function profiles of sable intestinal microbiome, the proportion of microbes at different taxonomic levels and functional gene benchmark were calculated in the NumPy and Pandas packages in Python","Lantian Su,Xinxin Liu,Guang-Yao Jin,Yue Ma,Haoxin Tan,Muhammed Abdul Khalid,Martin Romantschuk,Shan Yin,Nan Hui","Habitat,Biology,Ecology,Firmicutes,Actinobacteria,Abundance (ecology),Relative species abundance","https://github.com/pandas-dev/pandas,https://pypi.org/project/pandas/",https://pypi.org/project/pandas/,1,pandas,,"5 - Production/Stable, Console, Science/Research, OSI Approved, BSD License, OS Independent, Cython, Python, 3, Only, 3.10, 3.11, 3.12, 3.9, Scientific/Engineering","Powerful data structures for data analysis, time series, and statistics",1.0,0.0,0.04912722855806351,0.02185806632041931
75,Pandas,10.3390/ani10060939,"The Python [15] language was used with critical libraries including SciPy [16,17], NumPy [18,19], Pandas [20], Scikit-Posthocs [21], Lifelines [22], Matplotlib/Seaborn [23,24], and FBProphet [25].","Kevin Horecka,Steve Porter,E. Susan Amirian,Ellen P. Jefferson","Canine parvovirus,Population,Parvovirus","https://github.com/pandas-dev/pandas,https://pypi.org/project/pandas/",https://github.com/pandas-dev/pandas,1,pandas,pandas,"alignment, data-analysis, data-science, flexible, pandas, python","Flexible and powerful data analysis / manipulation library for Python, providing labeled data structures similar to R data.frame objects, statistical functions, and much more",1.0,0.5055555555555555,0.6124269962310791,0.06949318945407867
76,Pandas,10.3390/ani10060939,"The Python [15] language was used with critical libraries including SciPy [16,17], NumPy [18,19], Pandas [20], Scikit-Posthocs [21], Lifelines [22], Matplotlib/Seaborn [23,24], and FBProphet [25].","Kevin Horecka,Steve Porter,E. Susan Amirian,Ellen P. Jefferson","Canine parvovirus,Population,Parvovirus","https://github.com/pandas-dev/pandas,https://pypi.org/project/pandas/",https://pypi.org/project/pandas/,1,pandas,,"5 - Production/Stable, Console, Science/Research, OSI Approved, BSD License, OS Independent, Cython, Python, 3, Only, 3.10, 3.11, 3.12, 3.9, Scientific/Engineering","Powerful data structures for data analysis, time series, and statistics",1.0,0.0,0.259022057056427,-0.017358165234327316
77,Pandas,10.3390/antibiotics10040385,"The clean data were then merged with metadata (i.e., DOI, article title, year published, journal, PMC ID) from the paired JSON files for each article, and a combination of Pandas, a popular python library with integrated data processing functions, data frames and NLTK processing were used to calculate the term counts per article","Lauren Wind,Jonathan Briganti,Anne M. Brown,Timothy P. Neher,Meghan F. Davis,Lisa M. Durso,Tanner Spicer,Stephanie Lansing","Context (archaeology),Antibiotic resistance","https://github.com/pandas-dev/pandas,https://pypi.org/project/pandas/",https://github.com/pandas-dev/pandas,1,pandas,pandas,"alignment, data-analysis, data-science, flexible, pandas, python","Flexible and powerful data analysis / manipulation library for Python, providing labeled data structures similar to R data.frame objects, statistical functions, and much more",1.0,0.5725047080979285,0.4956558346748352,0.11212411522865295
78,Pandas,10.3390/antibiotics10040385,"The clean data were then merged with metadata (i.e., DOI, article title, year published, journal, PMC ID) from the paired JSON files for each article, and a combination of Pandas, a popular python library with integrated data processing functions, data frames and NLTK processing were used to calculate the term counts per article","Lauren Wind,Jonathan Briganti,Anne M. Brown,Timothy P. Neher,Meghan F. Davis,Lisa M. Durso,Tanner Spicer,Stephanie Lansing","Context (archaeology),Antibiotic resistance","https://github.com/pandas-dev/pandas,https://pypi.org/project/pandas/",https://pypi.org/project/pandas/,1,pandas,,"5 - Production/Stable, Console, Science/Research, OSI Approved, BSD License, OS Independent, Cython, Python, 3, Only, 3.10, 3.11, 3.12, 3.9, Scientific/Engineering","Powerful data structures for data analysis, time series, and statistics",1.0,0.0,0.2603349983692169,0.09208109974861145
79,panda,10.1371/journal.pone.0228422,1: Load the data using read_csv() function of panda library,"Md. Raihan-Al-Masud,M. Rubaiyat Hossain Mondal","Support vector machine,Artificial intelligence,Feature selection,Computer science,Machine learning,Pattern recognition (psychology),Preprocessor","https://github.com/pandas-dev/pandas,https://pypi.org/project/pandas/",https://github.com/pandas-dev/pandas,1,pandas,pandas,"alignment, data-analysis, data-science, flexible, pandas, python","Flexible and powerful data analysis / manipulation library for Python, providing labeled data structures similar to R data.frame objects, statistical functions, and much more",0.9666666666666667,0.5156565656565656,0.3798343539237976,0.18508775532245636
80,panda,10.1371/journal.pone.0228422,1: Load the data using read_csv() function of panda library,"Md. Raihan-Al-Masud,M. Rubaiyat Hossain Mondal","Support vector machine,Artificial intelligence,Feature selection,Computer science,Machine learning,Pattern recognition (psychology),Preprocessor","https://github.com/pandas-dev/pandas,https://pypi.org/project/pandas/",https://pypi.org/project/pandas/,1,pandas,,"5 - Production/Stable, Console, Science/Research, OSI Approved, BSD License, OS Independent, Cython, Python, 3, Only, 3.10, 3.11, 3.12, 3.9, Scientific/Engineering","Powerful data structures for data analysis, time series, and statistics",0.9666666666666667,0.0,0.13334515690803528,0.10631673038005829
81,panda,10.3389/fnbeh.2021.709775,"The following data analysis and visualization was performed with R (R Core Team, 2020; version 3.4.2) and Python (version 3.8), using the panda package (version 1.2.3).","Pia Kahnau,Anja Guenther,Marcus N. Boon,Janine Denise Terzenbach,Eric Hanitzsch,Lars Lewejohann,Vera Brust","Cognition,Cage","https://github.com/pandas-dev/pandas,https://pypi.org/project/pandas/",https://github.com/pandas-dev/pandas,1,pandas,pandas,"alignment, data-analysis, data-science, flexible, pandas, python","Flexible and powerful data analysis / manipulation library for Python, providing labeled data structures similar to R data.frame objects, statistical functions, and much more",0.9666666666666667,0.5603174603174603,0.5949195027351379,0.05274087190628052
82,panda,10.3389/fnbeh.2021.709775,"The following data analysis and visualization was performed with R (R Core Team, 2020; version 3.4.2) and Python (version 3.8), using the panda package (version 1.2.3).","Pia Kahnau,Anja Guenther,Marcus N. Boon,Janine Denise Terzenbach,Eric Hanitzsch,Lars Lewejohann,Vera Brust","Cognition,Cage","https://github.com/pandas-dev/pandas,https://pypi.org/project/pandas/",https://pypi.org/project/pandas/,1,pandas,,"5 - Production/Stable, Console, Science/Research, OSI Approved, BSD License, OS Independent, Cython, Python, 3, Only, 3.10, 3.11, 3.12, 3.9, Scientific/Engineering","Powerful data structures for data analysis, time series, and statistics",0.9666666666666667,0.0,0.3472060561180115,0.04521863907575607
83,panda,10.3389/fcvm.2021.619386,"We used Python version 3.7 as the basic language of the whole model and call numpy, panda, sklearn, xgboost, and Matplotlib libraries to process and model the data","Dongmei Wu,Qiuju Yang,Baohua Su,Hao Jia,MA Hui-rong,Weilan Yuan,Junhui Gao,Feifei Ding,Yue Xu,Huifeng Wang,Jiangman Zhao,Bingqiang Li","Medicine,Internal medicine,Coronary artery disease,Asymptomatic,Diabetes mellitus,Risk factor,Odds ratio,Triglyceride,Cardiology","https://github.com/pandas-dev/pandas,https://pypi.org/project/pandas/",https://github.com/pandas-dev/pandas,1,pandas,pandas,"alignment, data-analysis, data-science, flexible, pandas, python","Flexible and powerful data analysis / manipulation library for Python, providing labeled data structures similar to R data.frame objects, statistical functions, and much more",0.9666666666666667,0.5655806182121972,0.6156255602836609,0.03442639112472534
84,panda,10.3389/fcvm.2021.619386,"We used Python version 3.7 as the basic language of the whole model and call numpy, panda, sklearn, xgboost, and Matplotlib libraries to process and model the data","Dongmei Wu,Qiuju Yang,Baohua Su,Hao Jia,MA Hui-rong,Weilan Yuan,Junhui Gao,Feifei Ding,Yue Xu,Huifeng Wang,Jiangman Zhao,Bingqiang Li","Medicine,Internal medicine,Coronary artery disease,Asymptomatic,Diabetes mellitus,Risk factor,Odds ratio,Triglyceride,Cardiology","https://github.com/pandas-dev/pandas,https://pypi.org/project/pandas/",https://pypi.org/project/pandas/,1,pandas,,"5 - Production/Stable, Console, Science/Research, OSI Approved, BSD License, OS Independent, Cython, Python, 3, Only, 3.10, 3.11, 3.12, 3.9, Scientific/Engineering","Powerful data structures for data analysis, time series, and statistics",0.9666666666666667,0.0,0.3070501685142517,0.03594190254807472
85,panda,10.3389/fphys.2017.00354,"Bio-analysis was performed under Ubuntu 16.04 LTS Docker image (Hung et al., 2016) within a custom Python (Python Software Foundation, 2015) scripts using the packages biopython, pyexcel, csv, collection, panda, and matplotlib and R v3.3.1 (R Core Team, 2016) scripts within the ggplot2 and plotrix libraries","Rahim Dad Brohi,Li Wang,Najla Ben Hassine,Jiang Cao,Hira Sajjad Talpur,Di Wu,Chun–Jie Huang,Zia Ur Rehman,Dinesh Bhattarai,Li‐Jun Huo","SUMO protein,Acrosome,Sperm,Cell biology,Sperm motility,Biology,Capacitation,Motility,Acrosome reaction","https://github.com/pandas-dev/pandas,https://pypi.org/project/pandas/",https://github.com/pandas-dev/pandas,1,pandas,pandas,"alignment, data-analysis, data-science, flexible, pandas, python","Flexible and powerful data analysis / manipulation library for Python, providing labeled data structures similar to R data.frame objects, statistical functions, and much more",0.9666666666666667,0.5150375939849624,0.55735844373703,0.11712013185024261
86,panda,10.3389/fphys.2017.00354,"Bio-analysis was performed under Ubuntu 16.04 LTS Docker image (Hung et al., 2016) within a custom Python (Python Software Foundation, 2015) scripts using the packages biopython, pyexcel, csv, collection, panda, and matplotlib and R v3.3.1 (R Core Team, 2016) scripts within the ggplot2 and plotrix libraries","Rahim Dad Brohi,Li Wang,Najla Ben Hassine,Jiang Cao,Hira Sajjad Talpur,Di Wu,Chun–Jie Huang,Zia Ur Rehman,Dinesh Bhattarai,Li‐Jun Huo","SUMO protein,Acrosome,Sperm,Cell biology,Sperm motility,Biology,Capacitation,Motility,Acrosome reaction","https://github.com/pandas-dev/pandas,https://pypi.org/project/pandas/",https://pypi.org/project/pandas/,1,pandas,,"5 - Production/Stable, Console, Science/Research, OSI Approved, BSD License, OS Independent, Cython, Python, 3, Only, 3.10, 3.11, 3.12, 3.9, Scientific/Engineering","Powerful data structures for data analysis, time series, and statistics",0.9666666666666667,0.0,0.2012244611978531,0.06924481689929962
87,panda,10.1186/s13073-021-00904-z,"Other requirements: PLINK v1.9; R packages: shiny, shinyjs, DT, RSQLite, ggplot2, heatmaply, plotly, future; Python packages: panda, scipy, joblib, tqdm, sqlite","Liuyang Wang,Thomas J Balmat,Alejandro L. Antonia,Florica J. Constantine,Ricardo Henao,Thomas W. Burke,Andy Ingham,Micah T. McClain,Ephraim L. Tsalik,Emily R Ko,Geoffrey S. Ginsburg,Mark DeLong,Xiling Shen,Christopher W. Woods,Elizabeth R. Hauser,Dennis C. Ko","Genome-wide association study,Genetic architecture,Biology,Computational biology,Genetic association","https://github.com/pandas-dev/pandas,https://pypi.org/project/pandas/",https://github.com/pandas-dev/pandas,1,pandas,pandas,"alignment, data-analysis, data-science, flexible, pandas, python","Flexible and powerful data analysis / manipulation library for Python, providing labeled data structures similar to R data.frame objects, statistical functions, and much more",0.9666666666666667,0.508,0.5070309042930603,0.24338442087173462
88,panda,10.1186/s13073-021-00904-z,"Other requirements: PLINK v1.9; R packages: shiny, shinyjs, DT, RSQLite, ggplot2, heatmaply, plotly, future; Python packages: panda, scipy, joblib, tqdm, sqlite","Liuyang Wang,Thomas J Balmat,Alejandro L. Antonia,Florica J. Constantine,Ricardo Henao,Thomas W. Burke,Andy Ingham,Micah T. McClain,Ephraim L. Tsalik,Emily R Ko,Geoffrey S. Ginsburg,Mark DeLong,Xiling Shen,Christopher W. Woods,Elizabeth R. Hauser,Dennis C. Ko","Genome-wide association study,Genetic architecture,Biology,Computational biology,Genetic association","https://github.com/pandas-dev/pandas,https://pypi.org/project/pandas/",https://pypi.org/project/pandas/,1,pandas,,"5 - Production/Stable, Console, Science/Research, OSI Approved, BSD License, OS Independent, Cython, Python, 3, Only, 3.10, 3.11, 3.12, 3.9, Scientific/Engineering","Powerful data structures for data analysis, time series, and statistics",0.9666666666666667,0.0,0.26714468002319336,0.11328110098838806
89,pandas,10.1021/acsomega.1c00991,"All calculations were done in a Python environment using the numpy, pandas, and ase packages for basic data manipulation and structure file handling; plotting was done with matplotlib","Felix Mayr,Alessio Gagliardi","Benchmark (surveying),Fingerprint (computing),Computer science,Workflow","https://github.com/pandas-dev/pandas,https://pypi.org/project/pandas/",https://github.com/pandas-dev/pandas,1,pandas,pandas,"alignment, data-analysis, data-science, flexible, pandas, python","Flexible and powerful data analysis / manipulation library for Python, providing labeled data structures similar to R data.frame objects, statistical functions, and much more",1.0,0.5198412698412699,0.5669262409210205,0.2467806339263916
90,pandas,10.1021/acsomega.1c00991,"All calculations were done in a Python environment using the numpy, pandas, and ase packages for basic data manipulation and structure file handling; plotting was done with matplotlib","Felix Mayr,Alessio Gagliardi","Benchmark (surveying),Fingerprint (computing),Computer science,Workflow","https://github.com/pandas-dev/pandas,https://pypi.org/project/pandas/",https://pypi.org/project/pandas/,1,pandas,,"5 - Production/Stable, Console, Science/Research, OSI Approved, BSD License, OS Independent, Cython, Python, 3, Only, 3.10, 3.11, 3.12, 3.9, Scientific/Engineering","Powerful data structures for data analysis, time series, and statistics",1.0,0.0,0.3615175783634186,0.1276310533285141
91,pandas,10.1099/acmi.0.000129,"Analysis was performed in Python, utilizing the Biopython [7]⁠ and pandas [8]⁠ libraries.","DJ Farrell,Joseph Crispell,Stephen V. Gordon","Mycobacterium bovis,Genome,Biology,Gene,Genetics,Reference genome,Whole genome sequencing,Mycobacterium tuberculosis,Annotation,Computational biology","https://github.com/pandas-dev/pandas,https://pypi.org/project/pandas/",https://github.com/pandas-dev/pandas,1,pandas,pandas,"alignment, data-analysis, data-science, flexible, pandas, python","Flexible and powerful data analysis / manipulation library for Python, providing labeled data structures similar to R data.frame objects, statistical functions, and much more",1.0,0.41214470284237725,0.5812894105911255,0.22143223881721497
92,pandas,10.1099/acmi.0.000129,"Analysis was performed in Python, utilizing the Biopython [7]⁠ and pandas [8]⁠ libraries.","DJ Farrell,Joseph Crispell,Stephen V. Gordon","Mycobacterium bovis,Genome,Biology,Gene,Genetics,Reference genome,Whole genome sequencing,Mycobacterium tuberculosis,Annotation,Computational biology","https://github.com/pandas-dev/pandas,https://pypi.org/project/pandas/",https://pypi.org/project/pandas/,1,pandas,,"5 - Production/Stable, Console, Science/Research, OSI Approved, BSD License, OS Independent, Cython, Python, 3, Only, 3.10, 3.11, 3.12, 3.9, Scientific/Engineering","Powerful data structures for data analysis, time series, and statistics",1.0,0.0,0.20013462007045746,0.19804102182388306
93,pandas,10.1107/S2053273319011446,"The pairing of acentric anomalous reflections was performed by an algorithm developed in the Python programming language with the libraries cctbx, pandas, NumPy and SciPy","María-José García-Bonete,Gergely Katona","Bayesian probability,Phaser,Diffraction","https://github.com/pandas-dev/pandas,https://pypi.org/project/pandas/",https://github.com/pandas-dev/pandas,1,pandas,pandas,"alignment, data-analysis, data-science, flexible, pandas, python","Flexible and powerful data analysis / manipulation library for Python, providing labeled data structures similar to R data.frame objects, statistical functions, and much more",1.0,0.5906432748538012,0.36367255449295044,0.038222022354602814
94,pandas,10.1107/S2053273319011446,"The pairing of acentric anomalous reflections was performed by an algorithm developed in the Python programming language with the libraries cctbx, pandas, NumPy and SciPy","María-José García-Bonete,Gergely Katona","Bayesian probability,Phaser,Diffraction","https://github.com/pandas-dev/pandas,https://pypi.org/project/pandas/",https://pypi.org/project/pandas/,1,pandas,,"5 - Production/Stable, Console, Science/Research, OSI Approved, BSD License, OS Independent, Cython, Python, 3, Only, 3.10, 3.11, 3.12, 3.9, Scientific/Engineering","Powerful data structures for data analysis, time series, and statistics",1.0,0.0,0.13995493948459625,0.0816110223531723
95,pandas,10.1107/S2053273319011446,The pandas library was used to store and search among the large number of paired and unpaired reflection data obtained from the different crystals and data collection methods.,"María-José García-Bonete,Gergely Katona","Bayesian probability,Phaser,Diffraction","https://github.com/pandas-dev/pandas,https://pypi.org/project/pandas/",https://github.com/pandas-dev/pandas,1,pandas,pandas,"alignment, data-analysis, data-science, flexible, pandas, python","Flexible and powerful data analysis / manipulation library for Python, providing labeled data structures similar to R data.frame objects, statistical functions, and much more",1.0,0.5906432748538012,0.4071156680583954,0.038222022354602814
96,pandas,10.1107/S2053273319011446,The pandas library was used to store and search among the large number of paired and unpaired reflection data obtained from the different crystals and data collection methods.,"María-José García-Bonete,Gergely Katona","Bayesian probability,Phaser,Diffraction","https://github.com/pandas-dev/pandas,https://pypi.org/project/pandas/",https://pypi.org/project/pandas/,1,pandas,,"5 - Production/Stable, Console, Science/Research, OSI Approved, BSD License, OS Independent, Cython, Python, 3, Only, 3.10, 3.11, 3.12, 3.9, Scientific/Engineering","Powerful data structures for data analysis, time series, and statistics",1.0,0.0,0.26225075125694275,0.0816110223531723
97,pandas,10.1107/S2059798317007707,"The pandas software library (http://pandas.pydata.org/) was used for statistical analyses and the mmLib library for the superimpositions of dinucleotides (Painter & Merritt, 2004 ▸)","Tomoko Sunami,Toshiyuki Chatake,Hidetoshi Kono","DNA,Crystallography,Electron density,Polymorphism (computer science)","https://github.com/pandas-dev/pandas,https://pypi.org/project/pandas/",https://github.com/pandas-dev/pandas,1,pandas,pandas,"alignment, data-analysis, data-science, flexible, pandas, python","Flexible and powerful data analysis / manipulation library for Python, providing labeled data structures similar to R data.frame objects, statistical functions, and much more",1.0,0.501207729468599,0.4776281714439392,0.12167268991470337
98,pandas,10.1107/S2059798317007707,"The pandas software library (http://pandas.pydata.org/) was used for statistical analyses and the mmLib library for the superimpositions of dinucleotides (Painter & Merritt, 2004 ▸)","Tomoko Sunami,Toshiyuki Chatake,Hidetoshi Kono","DNA,Crystallography,Electron density,Polymorphism (computer science)","https://github.com/pandas-dev/pandas,https://pypi.org/project/pandas/",https://pypi.org/project/pandas/,1,pandas,,"5 - Production/Stable, Console, Science/Research, OSI Approved, BSD License, OS Independent, Cython, Python, 3, Only, 3.10, 3.11, 3.12, 3.9, Scientific/Engineering","Powerful data structures for data analysis, time series, and statistics",1.0,0.0,0.22761735320091248,0.09358778595924377
99,pandas,10.1186/s40478-018-0574-5,"The network was generated using the python programming language (Python Software Foundation), and the networkx, numpy, and pandas python packages.","Brandon F. Maziuk,Daniel J. Apicco,Anna Lourdes Cruz,Lulu Jiang,Peter E.A. Ash,Edroaldo Lummertz da Rocha,Cheng Zhang,Wen H. Yu,John D. Leszyk,Jose F. Abisambra,Li Hu,Benjamin Wolozin","Tauopathy,Interactome,Stress granule,RNA-binding protein,Tau protein","https://github.com/pandas-dev/pandas,https://pypi.org/project/pandas/",https://github.com/pandas-dev/pandas,1,pandas,pandas,"alignment, data-analysis, data-science, flexible, pandas, python","Flexible and powerful data analysis / manipulation library for Python, providing labeled data structures similar to R data.frame objects, statistical functions, and much more",1.0,0.6224105461393598,0.4063562750816345,0.13486619293689728
100,pandas,10.1186/s40478-018-0574-5,"The network was generated using the python programming language (Python Software Foundation), and the networkx, numpy, and pandas python packages.","Brandon F. Maziuk,Daniel J. Apicco,Anna Lourdes Cruz,Lulu Jiang,Peter E.A. Ash,Edroaldo Lummertz da Rocha,Cheng Zhang,Wen H. Yu,John D. Leszyk,Jose F. Abisambra,Li Hu,Benjamin Wolozin","Tauopathy,Interactome,Stress granule,RNA-binding protein,Tau protein","https://github.com/pandas-dev/pandas,https://pypi.org/project/pandas/",https://pypi.org/project/pandas/,1,pandas,,"5 - Production/Stable, Console, Science/Research, OSI Approved, BSD License, OS Independent, Cython, Python, 3, Only, 3.10, 3.11, 3.12, 3.9, Scientific/Engineering","Powerful data structures for data analysis, time series, and statistics",1.0,0.0,0.26903802156448364,0.037338778376579285
101,PANDA (Pipeline for Analyzing braiN Diffusion imAges),10.3389/fncom.2021.659838,"In this study, PANDA (Pipeline for Analyzing braiN Diffusion imAges) (Cui et al., 2013), a toolkit based on MATLAB (R2009b; MathWorks) and FSL that integrates several processing steps, was used to process the data and construct the network","Qi Wang,Siwei Chen,He Wang,Luzeng Chen,Ying Sun,Yan Ge","Betweenness centrality,Centrality,Diffusion MRI,Neurology,Neuroimaging",https://github.com/ZaixuCui/PANDA,https://github.com/ZaixuCui/PANDA,1,PANDA,Zaixu Cui,,"Pipeline software """"Pipeline for Analyzing braiN Diffusion imAges"""" for processing diffusion MRI data.",0.6993464052287582,0.4929453262786596,0.6458905339241028,0.5748612880706787
102,panda,10.1371/journal.pone.0228422,1: Load the data using read_csv() function of panda library,"Md. Raihan-Al-Masud,M. Rubaiyat Hossain Mondal","Support vector machine,Artificial intelligence,Feature selection,Computer science,Machine learning,Pattern recognition (psychology),Preprocessor","https://github.com/pandas-dev/pandas,https://pypi.org/project/pandas/",https://github.com/pandas-dev/pandas,1,pandas,pandas,"alignment, data-analysis, data-science, flexible, pandas, python","Flexible and powerful data analysis / manipulation library for Python, providing labeled data structures similar to R data.frame objects, statistical functions, and much more",0.9666666666666667,0.5156565656565656,0.3798343539237976,0.18508775532245636
103,panda,10.1371/journal.pone.0228422,1: Load the data using read_csv() function of panda library,"Md. Raihan-Al-Masud,M. Rubaiyat Hossain Mondal","Support vector machine,Artificial intelligence,Feature selection,Computer science,Machine learning,Pattern recognition (psychology),Preprocessor","https://github.com/pandas-dev/pandas,https://pypi.org/project/pandas/",https://pypi.org/project/pandas/,1,pandas,,"5 - Production/Stable, Console, Science/Research, OSI Approved, BSD License, OS Independent, Cython, Python, 3, Only, 3.10, 3.11, 3.12, 3.9, Scientific/Engineering","Powerful data structures for data analysis, time series, and statistics",0.9666666666666667,0.0,0.13334515690803528,0.10631673038005829
104,panda,10.3389/fnbeh.2021.709775,"The following data analysis and visualization was performed with R (R Core Team, 2020; version 3.4.2) and Python (version 3.8), using the panda package (version 1.2.3).","Pia Kahnau,Anja Guenther,Marcus N. Boon,Janine Denise Terzenbach,Eric Hanitzsch,Lars Lewejohann,Vera Brust","Cognition,Cage","https://github.com/pandas-dev/pandas,https://pypi.org/project/pandas/",https://github.com/pandas-dev/pandas,1,pandas,pandas,"alignment, data-analysis, data-science, flexible, pandas, python","Flexible and powerful data analysis / manipulation library for Python, providing labeled data structures similar to R data.frame objects, statistical functions, and much more",0.9666666666666667,0.5603174603174603,0.5949195027351379,0.05274087190628052
105,panda,10.3389/fnbeh.2021.709775,"The following data analysis and visualization was performed with R (R Core Team, 2020; version 3.4.2) and Python (version 3.8), using the panda package (version 1.2.3).","Pia Kahnau,Anja Guenther,Marcus N. Boon,Janine Denise Terzenbach,Eric Hanitzsch,Lars Lewejohann,Vera Brust","Cognition,Cage","https://github.com/pandas-dev/pandas,https://pypi.org/project/pandas/",https://pypi.org/project/pandas/,1,pandas,,"5 - Production/Stable, Console, Science/Research, OSI Approved, BSD License, OS Independent, Cython, Python, 3, Only, 3.10, 3.11, 3.12, 3.9, Scientific/Engineering","Powerful data structures for data analysis, time series, and statistics",0.9666666666666667,0.0,0.3472060561180115,0.04521863907575607
106,panda,10.3389/fcvm.2021.619386,"We used Python version 3.7 as the basic language of the whole model and call numpy, panda, sklearn, xgboost, and Matplotlib libraries to process and model the data","Dongmei Wu,Qiuju Yang,Baohua Su,Hao Jia,MA Hui-rong,Weilan Yuan,Junhui Gao,Feifei Ding,Yue Xu,Huifeng Wang,Jiangman Zhao,Bingqiang Li","Medicine,Internal medicine,Coronary artery disease,Asymptomatic,Diabetes mellitus,Risk factor,Odds ratio,Triglyceride,Cardiology","https://github.com/pandas-dev/pandas,https://pypi.org/project/pandas/",https://github.com/pandas-dev/pandas,1,pandas,pandas,"alignment, data-analysis, data-science, flexible, pandas, python","Flexible and powerful data analysis / manipulation library for Python, providing labeled data structures similar to R data.frame objects, statistical functions, and much more",0.9666666666666667,0.5655806182121972,0.6156255602836609,0.03442639112472534
107,panda,10.3389/fcvm.2021.619386,"We used Python version 3.7 as the basic language of the whole model and call numpy, panda, sklearn, xgboost, and Matplotlib libraries to process and model the data","Dongmei Wu,Qiuju Yang,Baohua Su,Hao Jia,MA Hui-rong,Weilan Yuan,Junhui Gao,Feifei Ding,Yue Xu,Huifeng Wang,Jiangman Zhao,Bingqiang Li","Medicine,Internal medicine,Coronary artery disease,Asymptomatic,Diabetes mellitus,Risk factor,Odds ratio,Triglyceride,Cardiology","https://github.com/pandas-dev/pandas,https://pypi.org/project/pandas/",https://pypi.org/project/pandas/,1,pandas,,"5 - Production/Stable, Console, Science/Research, OSI Approved, BSD License, OS Independent, Cython, Python, 3, Only, 3.10, 3.11, 3.12, 3.9, Scientific/Engineering","Powerful data structures for data analysis, time series, and statistics",0.9666666666666667,0.0,0.3070501685142517,0.03594190254807472
108,panda,10.3389/fphys.2017.00354,"Bio-analysis was performed under Ubuntu 16.04 LTS Docker image (Hung et al., 2016) within a custom Python (Python Software Foundation, 2015) scripts using the packages biopython, pyexcel, csv, collection, panda, and matplotlib and R v3.3.1 (R Core Team, 2016) scripts within the ggplot2 and plotrix libraries","Rahim Dad Brohi,Li Wang,Najla Ben Hassine,Jiang Cao,Hira Sajjad Talpur,Di Wu,Chun–Jie Huang,Zia Ur Rehman,Dinesh Bhattarai,Li‐Jun Huo","SUMO protein,Acrosome,Sperm,Cell biology,Sperm motility,Biology,Capacitation,Motility,Acrosome reaction","https://github.com/pandas-dev/pandas,https://pypi.org/project/pandas/",https://github.com/pandas-dev/pandas,1,pandas,pandas,"alignment, data-analysis, data-science, flexible, pandas, python","Flexible and powerful data analysis / manipulation library for Python, providing labeled data structures similar to R data.frame objects, statistical functions, and much more",0.9666666666666667,0.5150375939849624,0.55735844373703,0.11712013185024261
109,panda,10.3389/fphys.2017.00354,"Bio-analysis was performed under Ubuntu 16.04 LTS Docker image (Hung et al., 2016) within a custom Python (Python Software Foundation, 2015) scripts using the packages biopython, pyexcel, csv, collection, panda, and matplotlib and R v3.3.1 (R Core Team, 2016) scripts within the ggplot2 and plotrix libraries","Rahim Dad Brohi,Li Wang,Najla Ben Hassine,Jiang Cao,Hira Sajjad Talpur,Di Wu,Chun–Jie Huang,Zia Ur Rehman,Dinesh Bhattarai,Li‐Jun Huo","SUMO protein,Acrosome,Sperm,Cell biology,Sperm motility,Biology,Capacitation,Motility,Acrosome reaction","https://github.com/pandas-dev/pandas,https://pypi.org/project/pandas/",https://pypi.org/project/pandas/,1,pandas,,"5 - Production/Stable, Console, Science/Research, OSI Approved, BSD License, OS Independent, Cython, Python, 3, Only, 3.10, 3.11, 3.12, 3.9, Scientific/Engineering","Powerful data structures for data analysis, time series, and statistics",0.9666666666666667,0.0,0.2012244611978531,0.06924481689929962
110,PANDA,10.18632/aging.102901,"ucl.ac.uk/spm/software/spm12) running on MATLAB version 2016b, the PANDA toolbox (https://www.nitrc","Cui Zhao,Ying Liang,Ting Cui,Yihua Zhong,Xianglong Li,Jing Wei,Chunlin Li,Xu Zhang","White matter,Cognition,White (mutation)",https://github.com/ZaixuCui/PANDA,https://github.com/ZaixuCui/PANDA,1,PANDA,Zaixu Cui,,"Pipeline software """"Pipeline for Analyzing braiN Diffusion imAges"""" for processing diffusion MRI data.",1.0,0.5551038843721771,0.26898860931396484,0.2950090169906616
111,PANDA,10.18632/aging.102023,"The preprocessing of diffusion-weighted images was performed using the functional magnetic resonance imaging of the brain (FMRIB) Software Library in Version 5.0 (FSL, [65]), diffusion toolkit [66], and PANDA [67].","Junhua Li,Rafael Romero-García,John Suckling,Lei Feng","Default mode network,Neuroimaging,Neuropsychology,Functional connectivity",https://github.com/ZaixuCui/PANDA,https://github.com/ZaixuCui/PANDA,1,PANDA,Zaixu Cui,,"Pipeline software """"Pipeline for Analyzing braiN Diffusion imAges"""" for processing diffusion MRI data.",1.0,0.48329839273235503,0.6968413591384888,0.3263290226459503
112,PANDA,10.14336/AD.2019.0929,Deterministic tractography was performed using the FACT (Fiber Assignment by Continuous Tracking) algorithm in PANDA (www.nitrc.org/projects/panda; version 1.3.1) [33] and ended at voxels with FA < 0.2 or a tract turning angle of < 45˚ [34],"Mengsha Yao,Liche Zhou,Yuyan Tan,Hong Jiang,Zhi‐Chun Chen,Lin Zhu,Ningdi Luo,WU Quan-zhou,Wenyan Kang,Jun Liu","Insula,Gait,Medicine,Supplementary motor area,Berg Balance Scale,Physical medicine and rehabilitation,Parkinson's disease,Superior frontal gyrus,Fractional anisotropy",https://github.com/ZaixuCui/PANDA,https://github.com/ZaixuCui/PANDA,1,PANDA,Zaixu Cui,,"Pipeline software """"Pipeline for Analyzing braiN Diffusion imAges"""" for processing diffusion MRI data.",1.0,0.5290944614339109,0.3476090133190155,0.18817055225372314
113,PANDA,10.1186/s13195-018-0413-8,We carried out probabilistic fiber tractography on these seeds using the DTI analysis software PANDA (Additional file 1: Figure S2),"Ashwati Vipin,Yng Miin Loke,Siwei Liu,Saima Hilal,Hee Youn Shim,Xin Xu,Boon Yeow Tan,Narayanaswamy Venketasubramanian,Christopher Chen,Juan Zhou","Default mode network,Neuroscience,Psychology,Functional magnetic resonance imaging",https://github.com/ZaixuCui/PANDA,https://github.com/ZaixuCui/PANDA,1,PANDA,Zaixu Cui,,"Pipeline software """"Pipeline for Analyzing braiN Diffusion imAges"""" for processing diffusion MRI data.",1.0,0.513558201058201,0.33146101236343384,0.345256507396698
114,PANDA,10.1186/1471-2105-9-182,The PANDA sequences that are labeled as predicted proteins (i.e,"Shibu Yooseph,Weizhong Li,Granger Sutton","Metagenomics,Cluster analysis,Computational biology,Identification (biology),Biology",https://github.com/ZaixuCui/PANDA,https://github.com/ZaixuCui/PANDA,1,PANDA,Zaixu Cui,,"Pipeline software """"Pipeline for Analyzing braiN Diffusion imAges"""" for processing diffusion MRI data.",1.0,0.4388888888888889,0.06410820782184601,0.15087935328483582
115,PANDA,10.1186/1471-2105-9-182,"Of these 2,464,046 sequences, 1,528,382 (62%) are marked as redundant, with 1,353,885 (55%) being marked as redundant by existing cd-hit representatives in the CAMERA clusters and the remaining being marked as redundant by other PANDA sequences","Shibu Yooseph,Weizhong Li,Granger Sutton","Metagenomics,Cluster analysis,Computational biology,Identification (biology),Biology",https://github.com/ZaixuCui/PANDA,https://github.com/ZaixuCui/PANDA,1,PANDA,Zaixu Cui,,"Pipeline software """"Pipeline for Analyzing braiN Diffusion imAges"""" for processing diffusion MRI data.",1.0,0.4388888888888889,0.05145317316055298,0.15087935328483582
116,activity,10.3390/ani9121071,"Thus, we fitted non-parametric circular kernel density models using the packages “activity” (Version 1.1) and “overlap” (Version 0.3.2) [72,73], in the statistical software R (version 3.6.1) [74]","Yixin Chen,Zhishu Xiao,Long Zhang,Xinwen Wang,Ming Li,Zuofu Xiang","Rhythm,Ecology",https://cran.r-project.org/package=activity,https://cran.r-project.org/package=activity,1,activity,Marcus Rowcliffe,,Provides functions to express clock time data relative to anchor points (typically solar); fit kernel density functions to animal activity time data; plot activity distributions; quantify overall levels of activity; statistically compare activity metrics through bootstrapping; evaluate variation in linear variables with time (or other circular variables).,1.0,0.4558760683760683,0.4840887486934662,0.38416045904159546
117,activity,10.3390/ani11020562,"For each pairwise comparison between species, an additional bootstrap analysis was performed to estimate the probability that two sets of circular observations belonged to the same distribution, using the package activity [17] in R 3.5.1","Andrea Viviano,Emiliano Mori,Niccolò Fattorini,Giuseppe Mazza,Lorenzo Lazzeri,Alessandra Panichi,Luigi Strianese,Walid Fathy Mohamed","Capreolus,Vulpes,Roe deer,Predation,Marten,Interspecific competition,Ecology,Biology",https://cran.r-project.org/package=activity,https://cran.r-project.org/package=activity,1,activity,Marcus Rowcliffe,,Provides functions to express clock time data relative to anchor points (typically solar); fit kernel density functions to animal activity time data; plot activity distributions; quantify overall levels of activity; statistically compare activity metrics through bootstrapping; evaluate variation in linear variables with time (or other circular variables).,1.0,0.5415757906215921,0.4221786856651306,0.25103870034217834
118,activity,10.1186/s12870-015-0666-3,Results This report demonstrates that a respiration activity-monitoring system (RAMOS) can identify compounds with defense priming-inducing activity in parsley cell suspension in culture,"Jana Viola Schilling,Britta Schillheim,Stefan Mahr,Yannik Reufer,Sandi Sanjoyo,Uwe Conrath,Jochen Büchs","Elicitor,Biology,Salicylic acid,Priming (agriculture),Systemic acquired resistance,Plant defense against herbivory,Abiotic component,Plant cell",https://cran.r-project.org/package=activity,https://cran.r-project.org/package=activity,1,activity,Marcus Rowcliffe,,Provides functions to express clock time data relative to anchor points (typically solar); fit kernel density functions to animal activity time data; plot activity distributions; quantify overall levels of activity; statistically compare activity metrics through bootstrapping; evaluate variation in linear variables with time (or other circular variables).,1.0,0.538821467098166,0.11591168493032455,0.10005517303943634
119,activity,10.1371/journal.pone.0256876,We used the function compareCkern in package activity [52] to test whether activity patterns were significantly different for the same species across different sites; for different species at the same site; and between males and females of the same species at the same site (for lion and leopard only).,"Charlotte E. Searle,Josephine Smit,Jeremy J. Cusack,Paolo Strampelli,A. Grau,Lameck Mkuburo,David W. Macdonald,Andrew J. Loveridge,Amy Dickman","Panthera,Leopard,Carnivore,Guild,Crocuta crocuta,Ecology,Sympatric speciation",https://cran.r-project.org/package=activity,https://cran.r-project.org/package=activity,1,activity,Marcus Rowcliffe,,Provides functions to express clock time data relative to anchor points (typically solar); fit kernel density functions to animal activity time data; plot activity distributions; quantify overall levels of activity; statistically compare activity metrics through bootstrapping; evaluate variation in linear variables with time (or other circular variables).,1.0,0.5162061174834897,0.5357913970947266,0.15611539781093597
120,activity,10.1038/s41598-021-99341-6,We plotted the activity patterns of each species using a von Mises kernel using the package activity in R version 4.0.2,"Miyabi Nakabayashi,Tomoko Kanamori,Aoi Matsukawa,Joseph Tangah,Augustine Tuuga,Peter Malim,Henry Bernard,Abdul Hamid Ahmad,Ikki Matsuda,Goro Hanya","Sympatric speciation,Carnivore,Nocturnal,Threatened species,Niche differentiation,Biology,Ecology",https://cran.r-project.org/package=activity,https://cran.r-project.org/package=activity,1,activity,Marcus Rowcliffe,,Provides functions to express clock time data relative to anchor points (typically solar); fit kernel density functions to animal activity time data; plot activity distributions; quantify overall levels of activity; statistically compare activity metrics through bootstrapping; evaluate variation in linear variables with time (or other circular variables).,1.0,0.4718417047184171,0.5970122814178467,0.3076295256614685
121,sets,10.1186/s12859-018-2557-8,"The NIPTeR package requires R 3.1.0 or higher, the stats and sets packages as available on CRAN, and the RSamtools and S4Vectors Bioconductor packages.","Lennart Johansson,Hendrik A de Weerd,Eddy N. de Boer,Freerk van Dijk,Gerard J. te Meerman,Rolf H. Sijmons,Birgit Sikkema‐Raddatz,Morris A. Swertz","Computer science,Trisomy,Workflow",https://cran.r-project.org/package=sets,https://cran.r-project.org/package=sets,1,sets,"David Meyer, Kurt Hornik, Christian Buchta",,"Data structures and basic operations for ordinary sets, generalizations such as fuzzy sets, multisets, and fuzzy multisets, customizable sets, and intervals.",1.0,0.540182172159644,-0.00984112173318863,0.2171134054660797
137,Spliced Transcripts Alignment to Reference,10.7717/peerj.5759,Sequences were aligned to the equine genome with Spliced Transcripts Alignment to Reference software,"Laurence Tessier,Olivier Côté,Dorothee Bienzle","Sanger sequencing,Ensembl,Biology,Genetics,Sequence analysis",https://github.com/alexdobin/STAR,https://github.com/alexdobin/STAR,1,STAR,Alexander Dobin,,RNA-seq aligner,0.6150793650793651,0.538047138047138,0.5684494972229004,0.5266799330711365
138,R package STAR,10.1016/j.cub.2019.09.005,Reads from the RNA-sequencing experiments provided as raw fastq data were quality controlled and mapped to the M. truncatula reference genome version 4.0 (Mt4.0v1) [70] using R package STAR [61],"Katharina Schiessl,Jodi L. Stewart Lilley,Tak Lee,Ioannis Tamvakis,Wouter Kohlen,Paul Bailey,Aaron Thomas,Jakub Lupták,Ramakrishnan Karunakaran,Matthew D. Carpenter,Kirankumar S. Mysore,Jiangqi Wen,Sebastian E. Ahnert,Verônica A. Grieneisen,Giles Oldroyd","Biology,Medicago truncatula,Lateral root,Symbiosis,Root nodule,Auxin,Cytokinin,Root hair,Nod factor,Lotus japonicus,Rhizobia,Nodule (geology),Cell biology",https://github.com/alexdobin/STAR,https://github.com/alexdobin/STAR,1,STAR,Alexander Dobin,,RNA-seq aligner,0.38095238095238093,0.5203289347867661,0.5661635994911194,0.1613408327102661
139,STAR,10.1186/s13568-020-01170-9,Sequences were aligned using STAR (Dobin et al,"B. G. Paes,Andrei Stecca Steindorff,Eduardo Fernandes Formighieri,Ildinete Silva Pereira,J. R. M. de Almeida","Pichia pastoris,Yeast,Hydrolysate,Biochemistry,Furfural",https://github.com/alexdobin/STAR,https://github.com/alexdobin/STAR,1,STAR,Alexander Dobin,,RNA-seq aligner,1.0,0.49994606256742175,0.5761326551437378,0.1478576362133026
140,STAR,10.1063/5.0054639,"Analysis was conducted using STAR, R, DeSeq2, and python software.","Evan L. Teng,Evan Masutani,Benjamin Yeoman,Jessica Fung,Rachel Lian,Brenda Ngo,Aditya Kumar,Jesse K. Placone,Valentina Lo Sardo,Adam J. Engler","Haplotype,Biology,Single-nucleotide polymorphism",https://github.com/alexdobin/STAR,https://github.com/alexdobin/STAR,1,STAR,Alexander Dobin,,RNA-seq aligner,1.0,0.5113509192645883,0.30791494250297546,0.23530523478984833
141,STAR,10.1177/1759091415593066,"Reads were aligned with the STAR (Dobin et al., 2013) aligner with the additional options (–outFilterMatchNmin 30 –outFilterMismatchNmax 5 –outFilterMismatchNoverLmax 0.05 –outFilterMultimapNmax 50)","Frédéric Lebrun-Julien,Ueli Suter","HDAC1,Neuroprotection,Histone deacetylase 2,Cell biology,Acetylation,Retinal ganglion cell,Biology,Histone deacetylase",https://github.com/alexdobin/STAR,https://github.com/alexdobin/STAR,1,STAR,Alexander Dobin,,RNA-seq aligner,1.0,0.4760942760942761,0.5525416135787964,0.18846115469932556
142,STAR,10.1177/1759091419843393,"All RNA reads were first mapped to the mouse (GRCm38) reference genome using STAR v2.5.2b release with default parameters (Dobin et al., 2013)","Miriam S. Domowicz,Wen-Ching Chan,Patricia Claudio-Vázquez,Judith Henry,Christopher B. Ware,Jorge Andrade,Glyn Dawson,Nancy B. Schwartz","Forebrain,Biology,Transcriptome,Downregulation and upregulation,Cerebellum",https://github.com/alexdobin/STAR,https://github.com/alexdobin/STAR,1,STAR,Alexander Dobin,,RNA-seq aligner,1.0,0.5607503607503608,0.5126957893371582,0.3679654896259308
143,STAR,10.1107/S2059798321001856,"Starting with RELION version 3.1, information about optics groups has been added as a second data table to STAR files","Grigory Sharov,Dustin R. Morado,Marta Carroni,J.M. de la Rosa-Trevín","Plug-in,Computer science,Software,Modular design,Pipeline (software),Flexibility (engineering),Software engineering,Key (lock)",https://github.com/alexdobin/STAR,https://github.com/alexdobin/STAR,1,STAR,Alexander Dobin,,RNA-seq aligner,1.0,0.5121212121212121,0.11369096487760544,0.08596406877040863
144,STAR package,10.1186/s12920-021-01041-7,Read quantification was conducted and aligned to the GENCODE v28 (HG38) reference genome using STAR package [16],"Ranjit S. Pelia,Suresh Venkateswaran,Jonathan Matthews,Yael Haberman,David J. Cutler,Jeffrey S. Hyams,Lee A. Denson,Subra Kugathasan","Non-coding RNA,Inflammatory bowel disease,Disease,Epigenetics,Biology,Fold change",https://github.com/alexdobin/STAR,https://github.com/alexdobin/STAR,1,STAR,Alexander Dobin,,RNA-seq aligner,0.8666666666666666,0.538045634920635,0.5471816658973694,0.40450167655944824
145,STAR package,10.1186/s13059-021-02364-5,"In brief, STARsolo from STAR package v2.7.5c [14] and Cell Ranger v2.1.1 and scSNV were limited to at most 24 threads","Gavin Wilson,Mathieu Derouet,Gail Darling,Jonathan C. Yeung","Biology,Computational biology,RNA-Seq,Human genetics,Pipeline (software)",https://github.com/alexdobin/STAR,https://github.com/alexdobin/STAR,1,STAR,Alexander Dobin,,RNA-seq aligner,0.8666666666666666,0.5687297376952549,0.0999915674328804,0.6117011308670044
146,star,10.1111/acel.12739,"Illumina sequencing reads were mapped to the annotated Mlig_3_7 genome assembly (Wudarski et al., 2017) using star v.2.5.2b (Dobin et al., 2013) in the transcriptome quantification mode with following parameters “–outFilterMultimapNmax 30 –outFilterMismatchNmax 5 –quantMode TranscriptomeSAM.” To generate read counts for transcript clusters, the resulting bam files were processed by Corset v.1.06 (Davidson & Oshlack, 2014)","Stijn Mouton,Magda Grudniewska,Lisa Glazenburg,Victor Guryev,Eugène Berezikov","Flatworm,Biology,Regeneration (biology),Germline,Caenorhabditis elegans",https://github.com/alexdobin/STAR,https://github.com/alexdobin/STAR,1,STAR,Alexander Dobin,,RNA-seq aligner,1.0,0.5621933621933622,0.49435681104660034,0.17728522419929504
147,star,10.1111/acel.12739,"Annotated genomes were retrieved from Ensembl, and RNA‐seq data were mapped and quantified using star v.2.5.2b (Dobin et al., 2013).","Stijn Mouton,Magda Grudniewska,Lisa Glazenburg,Victor Guryev,Eugène Berezikov","Flatworm,Biology,Regeneration (biology),Germline,Caenorhabditis elegans",https://github.com/alexdobin/STAR,https://github.com/alexdobin/STAR,1,STAR,Alexander Dobin,,RNA-seq aligner,1.0,0.5621933621933622,0.6007105112075806,0.17728522419929504
148,star,10.1186/s13015-016-0068-6,"Suffix arrays are used in such programs as segemehl [3], last [4], mummer [5], reputer [6], star [7], and as an initial stage in recent versions of gsnap [8], which also employs hash tables for more complex alignments.",Thomas D. Wu,"Suffix array,Compressed suffix array,Computer science,Search engine indexing,String (physics),Byte,Suffix,Generalized suffix tree,Genome,Character (mathematics)",https://github.com/alexdobin/STAR,https://github.com/alexdobin/STAR,1,STAR,Alexander Dobin,,RNA-seq aligner,1.0,0.3797979797979798,0.32767510414123535,0.25898677110671997
149,star,10.1186/s12885-017-3237-1,Raw fastq files were obtained for each sample and aligned to the Homo sapiens reference using star [12],"Bojana Jovanović,Quanhu Sheng,Robert S. Seitz,Kasey Lawrence,Stephan W. Morris,Lance R. Thomas,David R. Hout,Brock L. Schweitzer,Yan Guo,Jennifer A. Pietenpol,Brian D. Lehmann","Subtyping,Triple-negative breast cancer,Concordance,Breast cancer,RNA,Biology",https://github.com/alexdobin/STAR,https://github.com/alexdobin/STAR,1,STAR,Alexander Dobin,,RNA-seq aligner,1.0,0.5295314133637486,0.44690293073654175,0.46088480949401855
150,star,10.1186/s12920-021-01022-w,"After quality control and trimming, the reads were mapped to the human genome (ENSEMBL-grch38release 91) using the star version 2.5.2a aligner and gene abundance was estimated with python version 2.7.11, and htseq version 0.11.0","Johanna Bensalel,Hongyuan Xu,Michael L. Lu,Enrico Capobianco,Jianning Wei","Biology,Huntingtin,Transcriptome,Gene,Genetics",https://github.com/alexdobin/STAR,https://github.com/alexdobin/STAR,1,STAR,Alexander Dobin,,RNA-seq aligner,1.0,0.5285612535612536,0.5522381067276001,0.40426701307296753
151,star,10.1099/mgen.0.000319,"grubii H99 (CNA3, GCA_000149245.3) [22] or Bt85 (Cryp_neof_Bt85_V1, GCA_002215835.1) [16] genome using star (v 2.5.3a) [23] for RNA-Seq mapping, following ‘Alternate Protocol 7’ for star alignment with transcript coordinate output and with rsem (v1.2.31) quantification [24]","Yu Chen,Chen Yuan,Christopher A. Desjardins,Jennifer L. Tenor,Dena L. Toffaletti,Charles Giamberardino,Anastasia P. Litvintseva,John R. Perfect,Christina A. Cuomo","Biology,Cryptococcus neoformans,Gene expression,Gene,Transcriptome,Pathogenic fungus",https://github.com/alexdobin/STAR,https://github.com/alexdobin/STAR,1,STAR,Alexander Dobin,,RNA-seq aligner,1.0,0.5315018315018315,0.601900041103363,0.3441215455532074
152,STAR RNA-seq aligner package,10.1371/journal.pone.0239938,taurus UMD 3.1.1) [35] obtained from Ensembl [36] using the STAR RNA-seq aligner package (version 2.5.3a) [37],"Jayne E Wiarda,Paola M. Boggiatto,Darrell O. Bayles,W. Ray Waters,Tyler C. Thacker,Mitchell V. Palmer","Biology,Mycobacterium bovis,Immune system,Innate immune system,Transcriptome,Tuberculosis,Immunology,Disease",https://github.com/alexdobin/STAR,https://github.com/alexdobin/STAR,1,STAR,Alexander Dobin,,RNA-seq aligner,0.8285714285714286,0.49476010101010104,0.5633988380432129,0.30737191438674927
158,Spliced Transcripts Alignment to a Reference (STAR),10.1186/s40478-018-0519-z,Sequencing raw reads were mapped to the Ensemble RN5 genome with Spliced Transcripts Alignment to a Reference (STAR) software (version 2.3.0e_r291) [24] with parameter alignIntronMax 1 to prohibit splicing and allow genomic mapping,"Anssi Lipponen,Assam El‐Osta,Antony Kaspi,Mark Ziemann,Ishant Khurana,K N Harikrishnan,Vicente Navarro-Ferrandis,Noora Puhakka,Jussi Paananen,Asla Pitkänen","DNA methylation,Transcription factor,Transcriptome,PAX6,Traumatic brain injury",https://github.com/alexdobin/STAR,https://github.com/alexdobin/STAR,1,STAR,Alexander Dobin,,RNA-seq aligner,0.6105442176870749,0.4499185402411208,0.6445428133010864,0.37420570850372314
159,Spliced Transcripts Alignment to a Reference (STAR),10.1186/s40478-016-0338-z,"For this analysis, we directly aligned all reads from these datasets to an alignment index containing the human genome plus a library of 740 virus genomes (including sequences from all known human viruses documented by NCBI) using the Spliced Transcripts Alignment to a Reference (STAR) aligner","Michael J. Strong,Eugene Blanchard,Zhen Lin,Cindy A. Morris,Melody Baddoo,Christopher M. Taylor,Marcus L. Ware,Erik K. Flemington","Deep sequencing,DNA sequencing,Computational biology,Human virome,Biology",https://github.com/alexdobin/STAR,https://github.com/alexdobin/STAR,1,STAR,Alexander Dobin,,RNA-seq aligner,0.6105442176870749,0.5154121863799282,0.6565284729003906,0.4490838646888733
160,Spliced Transcripts Alignment to a Reference (STAR),10.18632/aging.102840,"Reads were aligned to the Human reference genome (GRCh37) using the Spliced Transcripts Alignment to a Reference (STAR) software v2.5 [47], then summarized as gene-level counts using featureCounts 1.4.4 [48]","Ignazio S. Piras,Christiane Bleul,Joshua S. Talboom,Matthew De Both,Isabelle Schrauwen,Glenda M. Halliday,Amanda Myers,Geidy E. Serrano,Thomas G. Beach,Matthew J. Huentelman","Cell type,Biology,Gene expression,Gene",https://github.com/alexdobin/STAR,https://github.com/alexdobin/STAR,1,STAR,Alexander Dobin,,RNA-seq aligner,0.6105442176870749,0.5057218895542249,0.5886436104774475,0.32973513007164
161,Spliced Transcripts Alignment to a Reference (STAR),10.18632/aging.102968,"The reads were aligned to the UCSC reference human genome 19 (hg19) using Spliced Transcripts Alignment to a Reference (STAR) software v2.3.1 (DNASTAR, Inc","Jian Zhang,Tao Xie,Xi Zhong,Huali Jiang,Rong Li,Baiyao Wang,Xiaoting Huang,Bohong Cen,Yawei Yuan","Nasopharyngeal carcinoma,Wnt signaling pathway,Melatonin,Cisplatin,Cancer research,Catenin,Signal transduction",https://github.com/alexdobin/STAR,https://github.com/alexdobin/STAR,1,STAR,Alexander Dobin,,RNA-seq aligner,0.6105442176870749,0.5027777777777778,0.5996037721633911,0.21432635188102722
162,Spliced Transcripts Alignment to a Reference (STAR),10.3390/ani11041131,The clean reads were mapped to the unigenes from full-length transcriptome by Spliced Transcripts Alignment to a Reference (STAR) [26].,"Xinghua Lin,Dayan Zhou,Xiaomin Zhang,Guangli Li,Yulei Zhang,Cailin Huang,Zhixin Zhang,Changxu Tian","Catfish,Biology,KEGG,Transcriptome,Danio,Gene",https://github.com/alexdobin/STAR,https://github.com/alexdobin/STAR,1,STAR,Alexander Dobin,,RNA-seq aligner,0.6105442176870749,0.4636775922490208,0.6248189806938171,0.4481484889984131
163,Spliced Transcripts Alignment to a Reference (STAR),10.1186/s12915-016-0279-9,"Reads were subsequently mapped with Spliced Transcripts Alignment to a Reference (STAR) [92], and gene expression analysis was carried out using HTSeq [93] and DESeq2 [94] with conditional quantile normalization [95]","Georg M. Bruun,Thomas Koed Doktor,Jonas Borch-Jensen,Akio Matsubara,Adrian R. Krainer,Kinji Ohno,Brage S. Andresen","RNA splicing,Biology,Exon,Splice site mutation,Genetics,Alternative splicing,Intron,Exon skipping,Binding site,Minigene",https://github.com/alexdobin/STAR,https://github.com/alexdobin/STAR,1,STAR,Alexander Dobin,,RNA-seq aligner,0.6105442176870749,0.5330561330561331,0.6216965913772583,0.2999192476272583
164,(STAR,10.3389/fphys.2020.623190,"Next, the two reads per sample (R1 and R2) were mapped to the mouse reference genome (build GRCm38/mm10) using Spliced Transcripts Alignment to a Reference (STAR version 2.6.1) (Dobin et al., 2013)","Marta Pérez-Hernández,Grecia M Marrón-Liñares,Florencia Schlamp,Adriana Heguy,Chantal J.M. van Opbergen,Valeria Mezzano,Mingliang Zhang,Feng-Xia Liang,Marina Cerrone,Mario Delmar","Transcriptome,Myocyte,Biology,Inflammation",https://github.com/alexdobin/STAR,https://github.com/alexdobin/STAR,1,STAR,Alexander Dobin,,RNA-seq aligner,1.0,0.518499203244966,0.5569716095924377,0.4818571209907532
165,(STAR,10.1038/s41598-021-86032-5,"Then, the high-quality reads were aligned to the reference genome (hg19) using Spliced Transcripts Alignment to a Reference (STAR) with the parameter –quantMode GeneCounts for gene-level quantification and otherwise default parameters","Timothy Warwick,Marcel H. Schulz,Stefan Günther,Ralf Gilsbach,Antonio Neme,Carsten Carlberg,Ralf P. Brandes,Sabine Seuter","Calcitriol receptor,Transcription factor,Biology,Transcriptome,ETS1",https://github.com/alexdobin/STAR,https://github.com/alexdobin/STAR,1,STAR,Alexander Dobin,,RNA-seq aligner,1.0,0.5225023342670402,0.628620445728302,0.3893604874610901
167,stars,10.1186/s12915-021-01043-y,Segmentation maps were converted to polygons in R using packages sf [9] and stars [24],"Matthijs J.D. Baars,Neeraj Sinha,Mojtaba Amini,Annelies Pieterman-Bos,Stephanie van Dam,Maroussia M. P. Ganpat,Miangela M. Laclé,Bas Oldenburg,Yvonne Vercoulen","Segmentation,Multiplex,Mass cytometry,Biology","https://r-spatial.github.io/stars/,https://cran.r-project.org/package=stars,https://github.com/r-spatial/stars/",https://cran.r-project.org/package=stars,1,stars,"Edzer Pebesma, Michael Sumner, Etienne Racine, Adriano Fantini, David Blodgett, Krzysztof Dyba",,"Reading, manipulating, writing and plotting spatiotemporal arrays (raster and vector data cubes) in 'R', using 'GDAL' bindings provided by 'sf', and 'NetCDF' bindings by 'ncmeta' and 'RNetCDF'.",1.0,0.6325453572644584,0.3731488585472107,0.1993989646434784
168,stars,10.1186/s12915-021-01043-y,Segmentation maps were converted to polygons in R using packages sf [9] and stars [24],"Matthijs J.D. Baars,Neeraj Sinha,Mojtaba Amini,Annelies Pieterman-Bos,Stephanie van Dam,Maroussia M. P. Ganpat,Miangela M. Laclé,Bas Oldenburg,Yvonne Vercoulen","Segmentation,Multiplex,Mass cytometry,Biology","https://r-spatial.github.io/stars/,https://cran.r-project.org/package=stars,https://github.com/r-spatial/stars/",https://github.com/r-spatial/stars/,1,stars,r-spatial,"r, raster, satellite-images, spatial","Spatiotemporal Arrays, Raster and Vector Data Cubes",1.0,0.537999037999038,0.2749152183532715,0.10180577635765076
170,stars,10.1371/journal.pone.0247535,"The foot package is coded entirely in the R statistical computing language, making use of the sf, stars, and lwgeom packages [27–29] to access external spatial data libraries.","Warren C. Jochem,Andrew J. Tatem","Footprint,Raster graphics,Zoning,Computer science,Scale (ratio)","https://r-spatial.github.io/stars/,https://cran.r-project.org/package=stars,https://github.com/r-spatial/stars/",https://cran.r-project.org/package=stars,1,stars,"Edzer Pebesma, Michael Sumner, Etienne Racine, Adriano Fantini, David Blodgett, Krzysztof Dyba",,"Reading, manipulating, writing and plotting spatiotemporal arrays (raster and vector data cubes) in 'R', using 'GDAL' bindings provided by 'sf', and 'NetCDF' bindings by 'ncmeta' and 'RNetCDF'.",1.0,0.5657543455296264,0.39714932441711426,0.2511253356933594
171,stars,10.1371/journal.pone.0247535,"The foot package is coded entirely in the R statistical computing language, making use of the sf, stars, and lwgeom packages [27–29] to access external spatial data libraries.","Warren C. Jochem,Andrew J. Tatem","Footprint,Raster graphics,Zoning,Computer science,Scale (ratio)","https://r-spatial.github.io/stars/,https://cran.r-project.org/package=stars,https://github.com/r-spatial/stars/",https://github.com/r-spatial/stars/,1,stars,r-spatial,"r, raster, satellite-images, spatial","Spatiotemporal Arrays, Raster and Vector Data Cubes",1.0,0.5074074074074074,0.28476831316947937,0.25713416934013367
173,stars,10.1371/journal.pone.0253148,"All statistical analyses were performed using R [39], and in addition to the packages mentioned previously, we used ggspatial [52], ggplot2 [53], stars [54], tidyverse [55], viridis [56].","Julia Carolina Mata,Robert Buitenwerf,Jens‐Christian Svenning","Wildlife,Habitat,Ecology,Restoration ecology,Geography","https://r-spatial.github.io/stars/,https://cran.r-project.org/package=stars,https://github.com/r-spatial/stars/",https://cran.r-project.org/package=stars,1,stars,"Edzer Pebesma, Michael Sumner, Etienne Racine, Adriano Fantini, David Blodgett, Krzysztof Dyba",,"Reading, manipulating, writing and plotting spatiotemporal arrays (raster and vector data cubes) in 'R', using 'GDAL' bindings provided by 'sf', and 'NetCDF' bindings by 'ncmeta' and 'RNetCDF'.",1.0,0.6825143434095359,0.41126251220703125,0.09487646818161011
174,stars,10.1371/journal.pone.0253148,"All statistical analyses were performed using R [39], and in addition to the packages mentioned previously, we used ggspatial [52], ggplot2 [53], stars [54], tidyverse [55], viridis [56].","Julia Carolina Mata,Robert Buitenwerf,Jens‐Christian Svenning","Wildlife,Habitat,Ecology,Restoration ecology,Geography","https://r-spatial.github.io/stars/,https://cran.r-project.org/package=stars,https://github.com/r-spatial/stars/",https://github.com/r-spatial/stars/,1,stars,r-spatial,"r, raster, satellite-images, spatial","Spatiotemporal Arrays, Raster and Vector Data Cubes",1.0,0.47723132969034604,0.31830114126205444,0.1655208021402359
176,stars,10.1371/journal.pone.0258031,"We used publicly available packages for the statistical software R (version 4.0.0) [62] and packages tidyverse, PropCIs, ggmap, sf, stars, raster, akima, and adehabitatHR to conduct our GIS and statistical analyses","Ryan Takeshita,Brian C. Balmer,Francesca Messina,Eric S. Zolman,Len Thomas,Randall S. Wells,Cynthia R. Smith,Teresa K. Rowles,Lori H. Schwacke","Salinity,Estuary,Bay","https://r-spatial.github.io/stars/,https://cran.r-project.org/package=stars,https://github.com/r-spatial/stars/",https://cran.r-project.org/package=stars,1,stars,"Edzer Pebesma, Michael Sumner, Etienne Racine, Adriano Fantini, David Blodgett, Krzysztof Dyba",,"Reading, manipulating, writing and plotting spatiotemporal arrays (raster and vector data cubes) in 'R', using 'GDAL' bindings provided by 'sf', and 'NetCDF' bindings by 'ncmeta' and 'RNetCDF'.",1.0,0.6513890724829258,0.3558120131492615,0.05526178702712059
177,stars,10.1371/journal.pone.0258031,"We used publicly available packages for the statistical software R (version 4.0.0) [62] and packages tidyverse, PropCIs, ggmap, sf, stars, raster, akima, and adehabitatHR to conduct our GIS and statistical analyses","Ryan Takeshita,Brian C. Balmer,Francesca Messina,Eric S. Zolman,Len Thomas,Randall S. Wells,Cynthia R. Smith,Teresa K. Rowles,Lori H. Schwacke","Salinity,Estuary,Bay","https://r-spatial.github.io/stars/,https://cran.r-project.org/package=stars,https://github.com/r-spatial/stars/",https://github.com/r-spatial/stars/,1,stars,r-spatial,"r, raster, satellite-images, spatial","Spatiotemporal Arrays, Raster and Vector Data Cubes",1.0,0.5242374727668845,0.286780446767807,0.027947187423706055
179,stars,10.3390/e22090937,"Input data can be either a matrix, array, object from the raster package (RasterLayer, RasterStack, RasterBrick), or from the stars package [43,44]","Jakub Nowosad,Peichao Gao","Boltzmann constant,Entropy (arrow of time),Statistical physics,Boltzmann's entropy formula","https://r-spatial.github.io/stars/,https://cran.r-project.org/package=stars,https://github.com/r-spatial/stars/",https://cran.r-project.org/package=stars,1,stars,"Edzer Pebesma, Michael Sumner, Etienne Racine, Adriano Fantini, David Blodgett, Krzysztof Dyba",,"Reading, manipulating, writing and plotting spatiotemporal arrays (raster and vector data cubes) in 'R', using 'GDAL' bindings provided by 'sf', and 'NetCDF' bindings by 'ncmeta' and 'RNetCDF'.",1.0,0.4740823970037453,0.441707044839859,0.04442015290260315
180,stars,10.3390/e22090937,"Input data can be either a matrix, array, object from the raster package (RasterLayer, RasterStack, RasterBrick), or from the stars package [43,44]","Jakub Nowosad,Peichao Gao","Boltzmann constant,Entropy (arrow of time),Statistical physics,Boltzmann's entropy formula","https://r-spatial.github.io/stars/,https://cran.r-project.org/package=stars,https://github.com/r-spatial/stars/",https://github.com/r-spatial/stars/,1,stars,r-spatial,"r, raster, satellite-images, spatial","Spatiotemporal Arrays, Raster and Vector Data Cubes",1.0,0.5185185185185185,0.3601204752922058,-0.04405469819903374
181,STAR) aligner,10.1093/gigascience/giy092,"We demonstrate that hot-starting from a saved container checkpoint can significantly reduce the execution time using the spliced transcripts alignment to a reference (STAR) aligner [14, 15] for RNA-seq data analyses","Pai Zhang,Ling‐Hong Hung,Wes Lloyd,Ka Yee Yeung","Computer science,Initialization,Container (type theory),Cloud computing,Operating system,Workflow,Software",https://github.com/alexdobin/STAR,https://github.com/alexdobin/STAR,1,STAR,Alexander Dobin,,RNA-seq aligner,0.8666666666666666,0.49314420803782505,0.635299563407898,-0.014282728545367718
182,STAR),10.1002/advs.202000593,Spliced trans alignment to a reference (STAR) (v2.4.2a) software was used to perform sequence alignment on the clean reads of each sample,"Ziyang Wang,Chunjie Sheng,Guangyan Kan,Chen Yao,Rong Geng,Shuai Chen","Gene knockdown,Small hairpin RNA,RNA interference,Cancer research,Carcinogenesis,Cell growth,Biology,Downregulation and upregulation",https://github.com/alexdobin/STAR,https://github.com/alexdobin/STAR,1,STAR,Alexander Dobin,,RNA-seq aligner,1.0,0.4712418300653594,0.6691365838050842,0.3717186450958252
183,STAR),10.1093/gigascience/giy092,"As a proof-of-concept example, we create a hot-start container for the spliced transcripts alignment to a reference (STAR) aligner and deploy this container to align RNA sequencing data","Pai Zhang,Ling‐Hong Hung,Wes Lloyd,Ka Yee Yeung","Computer science,Initialization,Container (type theory),Cloud computing,Operating system,Workflow,Software",https://github.com/alexdobin/STAR,https://github.com/alexdobin/STAR,1,STAR,Alexander Dobin,,RNA-seq aligner,1.0,0.49314420803782505,0.6847434043884277,-0.014282728545367718
184,Star,10.1186/s40478-016-0364-x,"Reads were aligned using the Star 2.3.1 l aligner [51] to the ensemble reference, in which two mismatches were allowed","Annika Scheffold,Inge R. Holtman,Sandra Dieni,Nieske Brouwer,Sarah‐Fee Katz,Billy Michael Chelliah Jebaraj,Philipp J. Kahle,Bastian Hengerer,André Lechel,Stephan Stilgenbauer,Erik Boddeke,Bart J. L. Eggen,K. Lenhard Rudolph,Knut Biber","Telomere,Microglia,Ageing,Genetically modified mouse,Transgene",https://github.com/alexdobin/STAR,https://github.com/alexdobin/STAR,1,STAR,Alexander Dobin,,RNA-seq aligner,1.0,0.5220551378446115,0.5012638568878174,0.2477186918258667
185,Star,10.1186/1751-0147-53-57,"The chromatogram was analysed by means of the program Star 5.5 (Varian), with the internal standard as reference peak","Katja Stoeckel,Leif Højvang Nielsen,Herbert Fuhrmann,Lisa Bachmann","Fish oil,Composition (language),Food science,Docosahexaenoic acid",https://github.com/alexdobin/STAR,https://github.com/alexdobin/STAR,1,STAR,Alexander Dobin,,RNA-seq aligner,1.0,0.48181818181818176,0.17357788980007172,0.10737056285142899
186,Star,10.1002/advs.201903583,"After sequencing, the raw data were filtered using Fastp software to remove low‐quality sequences, undetected sequences, and linker sequences, and named” Clean Data.” The Clean Data sequences were compared with the genomic sequences using the Hisat2, MapSplice, Star, and Tophat2 algorithms, and a bam file of the genomic alignment was obtained; the chromosome distribution and genomic alignment rate data were obtained from the “Sample.bam” file","Zhixiao Liu,Liujun Wang,Huan Xu,Qingyun Du,Li Li,Ling Wang,En Song Zhang,Guosong Chen,Yue Wang","Metastasis,Prostate cancer,Cancer cell,CD44,Extracellular matrix,Extracellular,Cancer research,Cancer",https://github.com/alexdobin/STAR,https://github.com/alexdobin/STAR,1,STAR,Alexander Dobin,,RNA-seq aligner,1.0,0.4955727487642381,0.5081782341003418,0.1797131448984146
187,STAR) RNA-Seq aligner,10.3390/cells10020273,A custom up-to-date version of the Mus Musculus genome was generated using the spliced transcripts alignment to a reference (STAR) RNA-Seq aligner [23] (version 2.7.6a) using the “—twopassMode Basic” parameter to increase the mapping change of the reads,"Serena Silvestro,Agnese Gugliandolo,Luigi Chiricosta,Francesca Diomede,Oriana Trubiani,Placido Bramantı,Jacopo Pizzicannella,Emanuela Mazzon","Cell biology,microRNA,Biology,Angiogenesis,Heart development,Microvesicles,Transcriptome",https://github.com/alexdobin/STAR,https://github.com/alexdobin/STAR,1,STAR,Alexander Dobin,,RNA-seq aligner,0.8400000000000001,0.558969966883636,0.6019177436828613,0.3873419761657715
